"ensemble","member","sst.n","slp.n","same.length","sst.cal","slp.cal","same.cal","sst.units","slp.units"
"FCM","LE2-1011.001",1980,1980,TRUE,"365_day","365_day",TRUE,"days since 0000-01-01 00:00:00","days since 1850-01-01 00:00:00"
"FCM","LE2-1031.002",1980,1980,TRUE,"365_day","365_day",TRUE,"days since 0000-01-01 00:00:00","days since 1850-01-01 00:00:00"
"FCM","LE2-1051.003",1980,1980,TRUE,"365_day","365_day",TRUE,"days since 0000-01-01 00:00:00","days since 1850-01-01 00:00:00"
"FCM","LE2-1071.004",1980,1980,TRUE,"365_day","365_day",TRUE,"days since 0000-01-01 00:00:00","days since 1850-01-01 00:00:00"
"FCM","LE2-1091.005",1980,1980,TRUE,"365_day","365_day",TRUE,"days since 0000-01-01 00:00:00","days since 1850-01-01 00:00:00"
"FCM","LE2-1111.006",1980,1980,TRUE,"365_day","365_day",TRUE,"days since 0000-01-01 00:00:00","days since 1850-01-01 00:00:00"
"FCM","LE2-1131.007",1980,1980,TRUE,"365_day","365_day",TRUE,"days since 0000-01-01 00:00:00","days since 1850-01-01 00:00:00"
"FCM","LE2-1151.008",1980,1980,TRUE,"365_day","365_day",TRUE,"days since 0000-01-01 00:00:00","days since 1850-01-01 00:00:00"
"FCM","LE2-1171.009",1980,1980,TRUE,"365_day","365_day",TRUE,"days since 0000-01-01 00:00:00","days since 1850-01-01 00:00:00"
"FCM","LE2-1191.010",1980,1980,TRUE,"365_day","365_day",TRUE,"days since 0000-01-01 00:00:00","days since 1850-01-01 00:00:00"
"FCM","LE2-1231.011",1980,1980,TRUE,"365_day","365_day",TRUE,"days since 0000-01-01 00:00:00","days since 1850-01-01 00:00:00"
"FCM","LE2-1231.012",1980,1980,TRUE,"365_day","365_day",TRUE,"days since 0000-01-01 00:00:00","days since 1850-01-01 00:00:00"
"FCM","LE2-1231.013",1980,1980,TRUE,"365_day","365_day",TRUE,"days since 0000-01-01 00:00:00","days since 1850-01-01 00:00:00"
"FCM","LE2-1231.014",1980,1980,TRUE,"365_day","365_day",TRUE,"days since 0000-01-01 00:00:00","days since 1850-01-01 00:00:00"
"FCM","LE2-1231.015",1980,1980,TRUE,"365_day","365_day",TRUE,"days since 0000-01-01 00:00:00","days since 1850-01-01 00:00:00"
"FCM","LE2-1231.016",1980,1980,TRUE,"365_day","365_day",TRUE,"days since 0000-01-01 00:00:00","days since 1850-01-01 00:00:00"
"FCM","LE2-1231.017",1980,1980,TRUE,"365_day","365_day",TRUE,"days since 0000-01-01 00:00:00","days since 1850-01-01 00:00:00"
"FCM","LE2-1231.018",1980,1980,TRUE,"365_day","365_day",TRUE,"days since 0000-01-01 00:00:00","days since 1850-01-01 00:00:00"
"FCM","LE2-1231.019",1980,1980,TRUE,"365_day","365_day",TRUE,"days since 0000-01-01 00:00:00","days since 1850-01-01 00:00:00"
"FCM","LE2-1231.020",1980,1980,TRUE,"365_day","365_day",TRUE,"days since 0000-01-01 00:00:00","days since 1850-01-01 00:00:00"
"FCM","LE2-1251.011",1980,1980,TRUE,"365_day","365_day",TRUE,"days since 0000-01-01 00:00:00","days since 1850-01-01 00:00:00"
"FCM","LE2-1251.012",1980,1980,TRUE,"365_day","365_day",TRUE,"days since 0000-01-01 00:00:00","days since 1850-01-01 00:00:00"
"FCM","LE2-1251.013",1980,1980,TRUE,"365_day","365_day",TRUE,"days since 0000-01-01 00:00:00","days since 1850-01-01 00:00:00"
"FCM","LE2-1251.014",1980,1980,TRUE,"365_day","365_day",TRUE,"days since 0000-01-01 00:00:00","days since 1850-01-01 00:00:00"
"FCM","LE2-1251.015",1980,1980,TRUE,"365_day","365_day",TRUE,"days since 0000-01-01 00:00:00","days since 1850-01-01 00:00:00"
"FCM","LE2-1251.016",1980,1980,TRUE,"365_day","365_day",TRUE,"days since 0000-01-01 00:00:00","days since 1850-01-01 00:00:00"
"FCM","LE2-1251.017",1980,1980,TRUE,"365_day","365_day",TRUE,"days since 0000-01-01 00:00:00","days since 1850-01-01 00:00:00"
"FCM","LE2-1251.018",1980,1980,TRUE,"365_day","365_day",TRUE,"days since 0000-01-01 00:00:00","days since 1850-01-01 00:00:00"
"FCM","LE2-1251.019",1980,1980,TRUE,"365_day","365_day",TRUE,"days since 0000-01-01 00:00:00","days since 1850-01-01 00:00:00"
"FCM","LE2-1251.020",1980,1980,TRUE,"365_day","365_day",TRUE,"days since 0000-01-01 00:00:00","days since 1850-01-01 00:00:00"
"FCM","LE2-1281.011",1980,1980,TRUE,"365_day","365_day",TRUE,"days since 0000-01-01 00:00:00","days since 1850-01-01 00:00:00"
"FCM","LE2-1281.012",1980,1980,TRUE,"365_day","365_day",TRUE,"days since 0000-01-01 00:00:00","days since 1850-01-01 00:00:00"
"FCM","LE2-1281.013",1980,1980,TRUE,"365_day","365_day",TRUE,"days since 0000-01-01 00:00:00","days since 1850-01-01 00:00:00"
"FCM","LE2-1281.014",1980,1980,TRUE,"365_day","365_day",TRUE,"days since 0000-01-01 00:00:00","days since 1850-01-01 00:00:00"
"FCM","LE2-1281.015",1980,1980,TRUE,"365_day","365_day",TRUE,"days since 0000-01-01 00:00:00","days since 1850-01-01 00:00:00"
"FCM","LE2-1281.016",1980,1980,TRUE,"365_day","365_day",TRUE,"days since 0000-01-01 00:00:00","days since 1850-01-01 00:00:00"
"FCM","LE2-1281.017",1980,1980,TRUE,"365_day","365_day",TRUE,"days since 0000-01-01 00:00:00","days since 1850-01-01 00:00:00"
"FCM","LE2-1281.018",1980,1980,TRUE,"365_day","365_day",TRUE,"days since 0000-01-01 00:00:00","days since 1850-01-01 00:00:00"
"FCM","LE2-1281.019",1980,1980,TRUE,"365_day","365_day",TRUE,"days since 0000-01-01 00:00:00","days since 1850-01-01 00:00:00"
"FCM","LE2-1281.020",1980,1980,TRUE,"365_day","365_day",TRUE,"days since 0000-01-01 00:00:00","days since 1850-01-01 00:00:00"
"FCM","LE2-1301.011",1980,1980,TRUE,"365_day","365_day",TRUE,"days since 0000-01-01 00:00:00","days since 1850-01-01 00:00:00"
"FCM","LE2-1301.012",1980,1980,TRUE,"365_day","365_day",TRUE,"days since 0000-01-01 00:00:00","days since 1850-01-01 00:00:00"
"FCM","LE2-1301.013",1980,1980,TRUE,"365_day","365_day",TRUE,"days since 0000-01-01 00:00:00","days since 1850-01-01 00:00:00"
"FCM","LE2-1301.014",1980,1980,TRUE,"365_day","365_day",TRUE,"days since 0000-01-01 00:00:00","days since 1850-01-01 00:00:00"
"FCM","LE2-1301.015",1980,1980,TRUE,"365_day","365_day",TRUE,"days since 0000-01-01 00:00:00","days since 1850-01-01 00:00:00"
"FCM","LE2-1301.016",1980,1980,TRUE,"365_day","365_day",TRUE,"days since 0000-01-01 00:00:00","days since 1850-01-01 00:00:00"
"FCM","LE2-1301.017",1980,1980,TRUE,"365_day","365_day",TRUE,"days since 0000-01-01 00:00:00","days since 1850-01-01 00:00:00"
"FCM","LE2-1301.018",1980,1980,TRUE,"365_day","365_day",TRUE,"days since 0000-01-01 00:00:00","days since 1850-01-01 00:00:00"
"FCM","LE2-1301.019",1980,1980,TRUE,"365_day","365_day",TRUE,"days since 0000-01-01 00:00:00","days since 1850-01-01 00:00:00"
"FCM","LE2-1301.020",1980,1980,TRUE,"365_day","365_day",TRUE,"days since 0000-01-01 00:00:00","days since 1850-01-01 00:00:00"
"MDM","01",1980,1980,TRUE,"365_day","365_day",TRUE,"days since 0000-01-01 00:00:00","days since 1850-01-01 00:00:00"
"MDM","02",1980,1980,TRUE,"365_day","365_day",TRUE,"days since 0000-01-01 00:00:00","days since 1850-01-01 00:00:00"
"MDM","03",1980,1980,TRUE,"365_day","365_day",TRUE,"days since 0000-01-01 00:00:00","days since 1850-01-01 00:00:00"
"MDM","04",1980,1980,TRUE,"365_day","365_day",TRUE,"days since 0000-01-01 00:00:00","days since 1850-01-01 00:00:00"
"MDM","05",1980,1980,TRUE,"365_day","365_day",TRUE,"days since 0000-01-01 00:00:00","days since 1850-01-01 00:00:00"
"MDM","06",1980,1980,TRUE,"365_day","365_day",TRUE,"days since 0000-01-01 00:00:00","days since 1850-01-01 00:00:00"
"MDM","07",1980,1980,TRUE,"365_day","365_day",TRUE,"days since 0000-01-01 00:00:00","days since 1850-01-01 00:00:00"
"MDM","08",1980,1980,TRUE,"365_day","365_day",TRUE,"days since 0000-01-01 00:00:00","days since 1850-01-01 00:00:00"
"MDM","09",1980,1980,TRUE,"365_day","365_day",TRUE,"days since 0000-01-01 00:00:00","days since 1850-01-01 00:00:00"
"MDM","10",1980,1980,TRUE,"365_day","365_day",TRUE,"days since 0000-01-01 00:00:00","days since 1850-01-01 00:00:00"
"MDM","11",1980,1980,TRUE,"365_day","365_day",TRUE,"days since 0000-01-01 00:00:00","days since 1850-01-01 00:00:00"
"MDM","12",1980,1980,TRUE,"365_day","365_day",TRUE,"days since 0000-01-01 00:00:00","days since 1850-01-01 00:00:00"
"MDM","13",1980,1980,TRUE,"365_day","365_day",TRUE,"days since 0000-01-01 00:00:00","days since 1850-01-01 00:00:00"
"MDM","14",1980,1980,TRUE,"365_day","365_day",TRUE,"days since 0000-01-01 00:00:00","days since 1850-01-01 00:00:00"
"MDM","15",1980,1980,TRUE,"365_day","365_day",TRUE,"days since 0000-01-01 00:00:00","days since 1850-01-01 00:00:00"
"MDM","16",1980,1980,TRUE,"365_day","365_day",TRUE,"days since 0000-01-01 00:00:00","days since 1850-01-01 00:00:00"
"MDM","17",1980,1980,TRUE,"365_day","365_day",TRUE,"days since 0000-01-01 00:00:00","days since 1850-01-01 00:00:00"
"MDM","18",1980,1980,TRUE,"365_day","365_day",TRUE,"days since 0000-01-01 00:00:00","days since 1850-01-01 00:00:00"
"MDM","19",1980,1980,TRUE,"365_day","365_day",TRUE,"days since 0000-01-01 00:00:00","days since 1850-01-01 00:00:00"
"MDM","20",1980,1980,TRUE,"365_day","365_day",TRUE,"days since 0000-01-01 00:00:00","days since 1850-01-01 00:00:00"
