"ensemble","member","sst.status","slp.status","sst.attrs","slp.attrs"
"FCM","LE2-1011.001","no_metadata","match","","Mon Jan 16 12:49:13 2023: cdo cat b.e21.BHISTsmbb.f09_g17.LE2-1011.001.cam.h0.PSL.185001-185912.nc b.e21.BHISTsmbb.f09_g17.LE2-1011.001.cam.h0.PSL.186001-186912.nc b.e21.BHISTsmbb.f09_g17.LE2-1011.001.cam.h0.PSL.187001-187912.nc b.e21.BHISTsmbb.f09_g17.LE2-1011.001.cam.h0.PSL.188001-188912.nc b.e21.BHISTsmbb.f09_g17.LE2-1011.001.cam.h0.PSL.189001-189912.nc b.e21.BHISTsmbb.f09_g17.LE2-1011.001.cam."
"FCM","LE2-1031.002","no_metadata","match","","Mon Jan 16 12:49:19 2023: cdo cat b.e21.BHISTsmbb.f09_g17.LE2-1031.002.cam.h0.PSL.185001-185912.nc b.e21.BHISTsmbb.f09_g17.LE2-1031.002.cam.h0.PSL.186001-186912.nc b.e21.BHISTsmbb.f09_g17.LE2-1031.002.cam.h0.PSL.187001-187912.nc b.e21.BHISTsmbb.f09_g17.LE2-1031.002.cam.h0.PSL.188001-188912.nc b.e21.BHISTsmbb.f09_g17.LE2-1031.002.cam.h0.PSL.189001-189912.nc b.e21.BHISTsmbb.f09_g17.LE2-1031.002.cam."
"FCM","LE2-1051.003","no_metadata","match","","Mon Jan 16 12:49:25 2023: cdo cat b.e21.BHISTsmbb.f09_g17.LE2-1051.003.cam.h0.PSL.185001-185912.nc b.e21.BHISTsmbb.f09_g17.LE2-1051.003.cam.h0.PSL.186001-186912.nc b.e21.BHISTsmbb.f09_g17.LE2-1051.003.cam.h0.PSL.187001-187912.nc b.e21.BHISTsmbb.f09_g17.LE2-1051.003.cam.h0.PSL.188001-188912.nc b.e21.BHISTsmbb.f09_g17.LE2-1051.003.cam.h0.PSL.189001-189912.nc b.e21.BHISTsmbb.f09_g17.LE2-1051.003.cam."
"FCM","LE2-1071.004","no_metadata","match","","Mon Jan 16 12:49:31 2023: cdo cat b.e21.BHISTsmbb.f09_g17.LE2-1071.004.cam.h0.PSL.185001-185912.nc b.e21.BHISTsmbb.f09_g17.LE2-1071.004.cam.h0.PSL.186001-186912.nc b.e21.BHISTsmbb.f09_g17.LE2-1071.004.cam.h0.PSL.187001-187912.nc b.e21.BHISTsmbb.f09_g17.LE2-1071.004.cam.h0.PSL.188001-188912.nc b.e21.BHISTsmbb.f09_g17.LE2-1071.004.cam.h0.PSL.189001-189912.nc b.e21.BHISTsmbb.f09_g17.LE2-1071.004.cam."
"FCM","LE2-1091.005","no_metadata","match","","Mon Jan 16 12:49:37 2023: cdo cat b.e21.BHISTsmbb.f09_g17.LE2-1091.005.cam.h0.PSL.185001-185912.nc b.e21.BHISTsmbb.f09_g17.LE2-1091.005.cam.h0.PSL.186001-186912.nc b.e21.BHISTsmbb.f09_g17.LE2-1091.005.cam.h0.PSL.187001-187912.nc b.e21.BHISTsmbb.f09_g17.LE2-1091.005.cam.h0.PSL.188001-188912.nc b.e21.BHISTsmbb.f09_g17.LE2-1091.005.cam.h0.PSL.189001-189912.nc b.e21.BHISTsmbb.f09_g17.LE2-1091.005.cam."
"FCM","LE2-1111.006","no_metadata","match","","Mon Jan 16 12:49:43 2023: cdo cat b.e21.BHISTsmbb.f09_g17.LE2-1111.006.cam.h0.PSL.185001-185912.nc b.e21.BHISTsmbb.f09_g17.LE2-1111.006.cam.h0.PSL.186001-186912.nc b.e21.BHISTsmbb.f09_g17.LE2-1111.006.cam.h0.PSL.187001-187912.nc b.e21.BHISTsmbb.f09_g17.LE2-1111.006.cam.h0.PSL.188001-188912.nc b.e21.BHISTsmbb.f09_g17.LE2-1111.006.cam.h0.PSL.189001-189912.nc b.e21.BHISTsmbb.f09_g17.LE2-1111.006.cam."
"FCM","LE2-1131.007","no_metadata","match","","Mon Jan 16 12:49:49 2023: cdo cat b.e21.BHISTsmbb.f09_g17.LE2-1131.007.cam.h0.PSL.185001-185912.nc b.e21.BHISTsmbb.f09_g17.LE2-1131.007.cam.h0.PSL.186001-186912.nc b.e21.BHISTsmbb.f09_g17.LE2-1131.007.cam.h0.PSL.187001-187912.nc b.e21.BHISTsmbb.f09_g17.LE2-1131.007.cam.h0.PSL.188001-188912.nc b.e21.BHISTsmbb.f09_g17.LE2-1131.007.cam.h0.PSL.189001-189912.nc b.e21.BHISTsmbb.f09_g17.LE2-1131.007.cam."
"FCM","LE2-1151.008","no_metadata","match","","Mon Jan 16 12:49:55 2023: cdo cat b.e21.BHISTsmbb.f09_g17.LE2-1151.008.cam.h0.PSL.185001-185912.nc b.e21.BHISTsmbb.f09_g17.LE2-1151.008.cam.h0.PSL.186001-186912.nc b.e21.BHISTsmbb.f09_g17.LE2-1151.008.cam.h0.PSL.187001-187912.nc b.e21.BHISTsmbb.f09_g17.LE2-1151.008.cam.h0.PSL.188001-188912.nc b.e21.BHISTsmbb.f09_g17.LE2-1151.008.cam.h0.PSL.189001-189912.nc b.e21.BHISTsmbb.f09_g17.LE2-1151.008.cam."
"FCM","LE2-1171.009","no_metadata","match","","Mon Jan 16 12:50:00 2023: cdo cat b.e21.BHISTsmbb.f09_g17.LE2-1171.009.cam.h0.PSL.185001-185912.nc b.e21.BHISTsmbb.f09_g17.LE2-1171.009.cam.h0.PSL.186001-186912.nc b.e21.BHISTsmbb.f09_g17.LE2-1171.009.cam.h0.PSL.187001-187912.nc b.e21.BHISTsmbb.f09_g17.LE2-1171.009.cam.h0.PSL.188001-188912.nc b.e21.BHISTsmbb.f09_g17.LE2-1171.009.cam.h0.PSL.189001-189912.nc b.e21.BHISTsmbb.f09_g17.LE2-1171.009.cam."
"FCM","LE2-1191.010","no_metadata","match","","Mon Jan 16 12:50:06 2023: cdo cat b.e21.BHISTsmbb.f09_g17.LE2-1191.010.cam.h0.PSL.185001-185912.nc b.e21.BHISTsmbb.f09_g17.LE2-1191.010.cam.h0.PSL.186001-186912.nc b.e21.BHISTsmbb.f09_g17.LE2-1191.010.cam.h0.PSL.187001-187912.nc b.e21.BHISTsmbb.f09_g17.LE2-1191.010.cam.h0.PSL.188001-188912.nc b.e21.BHISTsmbb.f09_g17.LE2-1191.010.cam.h0.PSL.189001-189912.nc b.e21.BHISTsmbb.f09_g17.LE2-1191.010.cam."
"FCM","LE2-1231.011","no_metadata","match","","Mon Jan 16 12:50:12 2023: cdo cat b.e21.BHISTsmbb.f09_g17.LE2-1231.011.cam.h0.PSL.185001-185912.nc b.e21.BHISTsmbb.f09_g17.LE2-1231.011.cam.h0.PSL.186001-186912.nc b.e21.BHISTsmbb.f09_g17.LE2-1231.011.cam.h0.PSL.187001-187912.nc b.e21.BHISTsmbb.f09_g17.LE2-1231.011.cam.h0.PSL.188001-188912.nc b.e21.BHISTsmbb.f09_g17.LE2-1231.011.cam.h0.PSL.189001-189912.nc b.e21.BHISTsmbb.f09_g17.LE2-1231.011.cam."
"FCM","LE2-1231.012","no_metadata","match","","Mon Jan 16 12:50:18 2023: cdo cat b.e21.BHISTsmbb.f09_g17.LE2-1231.012.cam.h0.PSL.185001-185912.nc b.e21.BHISTsmbb.f09_g17.LE2-1231.012.cam.h0.PSL.186001-186912.nc b.e21.BHISTsmbb.f09_g17.LE2-1231.012.cam.h0.PSL.187001-187912.nc b.e21.BHISTsmbb.f09_g17.LE2-1231.012.cam.h0.PSL.188001-188912.nc b.e21.BHISTsmbb.f09_g17.LE2-1231.012.cam.h0.PSL.189001-189912.nc b.e21.BHISTsmbb.f09_g17.LE2-1231.012.cam."
"FCM","LE2-1231.013","no_metadata","match","","Mon Jan 16 12:50:23 2023: cdo cat b.e21.BHISTsmbb.f09_g17.LE2-1231.013.cam.h0.PSL.185001-185912.nc b.e21.BHISTsmbb.f09_g17.LE2-1231.013.cam.h0.PSL.186001-186912.nc b.e21.BHISTsmbb.f09_g17.LE2-1231.013.cam.h0.PSL.187001-187912.nc b.e21.BHISTsmbb.f09_g17.LE2-1231.013.cam.h0.PSL.188001-188912.nc b.e21.BHISTsmbb.f09_g17.LE2-1231.013.cam.h0.PSL.189001-189912.nc b.e21.BHISTsmbb.f09_g17.LE2-1231.013.cam."
"FCM","LE2-1231.014","no_metadata","match","","Mon Jan 16 12:50:28 2023: cdo cat b.e21.BHISTsmbb.f09_g17.LE2-1231.014.cam.h0.PSL.185001-185912.nc b.e21.BHISTsmbb.f09_g17.LE2-1231.014.cam.h0.PSL.186001-186912.nc b.e21.BHISTsmbb.f09_g17.LE2-1231.014.cam.h0.PSL.187001-187912.nc b.e21.BHISTsmbb.f09_g17.LE2-1231.014.cam.h0.PSL.188001-188912.nc b.e21.BHISTsmbb.f09_g17.LE2-1231.014.cam.h0.PSL.189001-189912.nc b.e21.BHISTsmbb.f09_g17.LE2-1231.014.cam."
"FCM","LE2-1231.015","no_metadata","match","","Mon Jan 16 12:50:33 2023: cdo cat b.e21.BHISTsmbb.f09_g17.LE2-1231.015.cam.h0.PSL.185001-185912.nc b.e21.BHISTsmbb.f09_g17.LE2-1231.015.cam.h0.PSL.186001-186912.nc b.e21.BHISTsmbb.f09_g17.LE2-1231.015.cam.h0.PSL.187001-187912.nc b.e21.BHISTsmbb.f09_g17.LE2-1231.015.cam.h0.PSL.188001-188912.nc b.e21.BHISTsmbb.f09_g17.LE2-1231.015.cam.h0.PSL.189001-189912.nc b.e21.BHISTsmbb.f09_g17.LE2-1231.015.cam."
"FCM","LE2-1231.016","no_metadata","match","","Mon Jan 16 12:50:39 2023: cdo cat b.e21.BHISTsmbb.f09_g17.LE2-1231.016.cam.h0.PSL.185001-185912.nc b.e21.BHISTsmbb.f09_g17.LE2-1231.016.cam.h0.PSL.186001-186912.nc b.e21.BHISTsmbb.f09_g17.LE2-1231.016.cam.h0.PSL.187001-187912.nc b.e21.BHISTsmbb.f09_g17.LE2-1231.016.cam.h0.PSL.188001-188912.nc b.e21.BHISTsmbb.f09_g17.LE2-1231.016.cam.h0.PSL.189001-189912.nc b.e21.BHISTsmbb.f09_g17.LE2-1231.016.cam."
"FCM","LE2-1231.017","no_metadata","match","","Mon Jan 16 12:50:44 2023: cdo cat b.e21.BHISTsmbb.f09_g17.LE2-1231.017.cam.h0.PSL.185001-185912.nc b.e21.BHISTsmbb.f09_g17.LE2-1231.017.cam.h0.PSL.186001-186912.nc b.e21.BHISTsmbb.f09_g17.LE2-1231.017.cam.h0.PSL.187001-187912.nc b.e21.BHISTsmbb.f09_g17.LE2-1231.017.cam.h0.PSL.188001-188912.nc b.e21.BHISTsmbb.f09_g17.LE2-1231.017.cam.h0.PSL.189001-189912.nc b.e21.BHISTsmbb.f09_g17.LE2-1231.017.cam."
"FCM","LE2-1231.018","no_metadata","match","","Mon Jan 16 12:50:49 2023: cdo cat b.e21.BHISTsmbb.f09_g17.LE2-1231.018.cam.h0.PSL.185001-185912.nc b.e21.BHISTsmbb.f09_g17.LE2-1231.018.cam.h0.PSL.186001-186912.nc b.e21.BHISTsmbb.f09_g17.LE2-1231.018.cam.h0.PSL.187001-187912.nc b.e21.BHISTsmbb.f09_g17.LE2-1231.018.cam.h0.PSL.188001-188912.nc b.e21.BHISTsmbb.f09_g17.LE2-1231.018.cam.h0.PSL.189001-189912.nc b.e21.BHISTsmbb.f09_g17.LE2-1231.018.cam."
"FCM","LE2-1231.019","no_metadata","match","","Mon Jan 16 12:50:54 2023: cdo cat b.e21.BHISTsmbb.f09_g17.LE2-1231.019.cam.h0.PSL.185001-185912.nc b.e21.BHISTsmbb.f09_g17.LE2-1231.019.cam.h0.PSL.186001-186912.nc b.e21.BHISTsmbb.f09_g17.LE2-1231.019.cam.h0.PSL.187001-187912.nc b.e21.BHISTsmbb.f09_g17.LE2-1231.019.cam.h0.PSL.188001-188912.nc b.e21.BHISTsmbb.f09_g17.LE2-1231.019.cam.h0.PSL.189001-189912.nc b.e21.BHISTsmbb.f09_g17.LE2-1231.019.cam."
"FCM","LE2-1231.020","no_metadata","match","","Mon Jan 16 12:50:59 2023: cdo cat b.e21.BHISTsmbb.f09_g17.LE2-1231.020.cam.h0.PSL.185001-185912.nc b.e21.BHISTsmbb.f09_g17.LE2-1231.020.cam.h0.PSL.186001-186912.nc b.e21.BHISTsmbb.f09_g17.LE2-1231.020.cam.h0.PSL.187001-187912.nc b.e21.BHISTsmbb.f09_g17.LE2-1231.020.cam.h0.PSL.188001-188912.nc b.e21.BHISTsmbb.f09_g17.LE2-1231.020.cam.h0.PSL.189001-189912.nc b.e21.BHISTsmbb.f09_g17.LE2-1231.020.cam."
"FCM","LE2-1251.011","no_metadata","match","","Mon Jan 16 12:51:04 2023: cdo cat b.e21.BHISTsmbb.f09_g17.LE2-1251.011.cam.h0.PSL.185001-185912.nc b.e21.BHISTsmbb.f09_g17.LE2-1251.011.cam.h0.PSL.186001-186912.nc b.e21.BHISTsmbb.f09_g17.LE2-1251.011.cam.h0.PSL.187001-187912.nc b.e21.BHISTsmbb.f09_g17.LE2-1251.011.cam.h0.PSL.188001-188912.nc b.e21.BHISTsmbb.f09_g17.LE2-1251.011.cam.h0.PSL.189001-189912.nc b.e21.BHISTsmbb.f09_g17.LE2-1251.011.cam."
"FCM","LE2-1251.012","no_metadata","match","","Mon Jan 16 12:51:09 2023: cdo cat b.e21.BHISTsmbb.f09_g17.LE2-1251.012.cam.h0.PSL.185001-185912.nc b.e21.BHISTsmbb.f09_g17.LE2-1251.012.cam.h0.PSL.186001-186912.nc b.e21.BHISTsmbb.f09_g17.LE2-1251.012.cam.h0.PSL.187001-187912.nc b.e21.BHISTsmbb.f09_g17.LE2-1251.012.cam.h0.PSL.188001-188912.nc b.e21.BHISTsmbb.f09_g17.LE2-1251.012.cam.h0.PSL.189001-189912.nc b.e21.BHISTsmbb.f09_g17.LE2-1251.012.cam."
"FCM","LE2-1251.013","no_metadata","match","","Mon Jan 16 12:51:14 2023: cdo cat b.e21.BHISTsmbb.f09_g17.LE2-1251.013.cam.h0.PSL.185001-185912.nc b.e21.BHISTsmbb.f09_g17.LE2-1251.013.cam.h0.PSL.186001-186912.nc b.e21.BHISTsmbb.f09_g17.LE2-1251.013.cam.h0.PSL.187001-187912.nc b.e21.BHISTsmbb.f09_g17.LE2-1251.013.cam.h0.PSL.188001-188912.nc b.e21.BHISTsmbb.f09_g17.LE2-1251.013.cam.h0.PSL.189001-189912.nc b.e21.BHISTsmbb.f09_g17.LE2-1251.013.cam."
"FCM","LE2-1251.014","no_metadata","match","","Mon Jan 16 12:51:19 2023: cdo cat b.e21.BHISTsmbb.f09_g17.LE2-1251.014.cam.h0.PSL.185001-185912.nc b.e21.BHISTsmbb.f09_g17.LE2-1251.014.cam.h0.PSL.186001-186912.nc b.e21.BHISTsmbb.f09_g17.LE2-1251.014.cam.h0.PSL.187001-187912.nc b.e21.BHISTsmbb.f09_g17.LE2-1251.014.cam.h0.PSL.188001-188912.nc b.e21.BHISTsmbb.f09_g17.LE2-1251.014.cam.h0.PSL.189001-189912.nc b.e21.BHISTsmbb.f09_g17.LE2-1251.014.cam."
"FCM","LE2-1251.015","no_metadata","match","","Mon Jan 16 12:51:25 2023: cdo cat b.e21.BHISTsmbb.f09_g17.LE2-1251.015.cam.h0.PSL.185001-185912.nc b.e21.BHISTsmbb.f09_g17.LE2-1251.015.cam.h0.PSL.186001-186912.nc b.e21.BHISTsmbb.f09_g17.LE2-1251.015.cam.h0.PSL.187001-187912.nc b.e21.BHISTsmbb.f09_g17.LE2-1251.015.cam.h0.PSL.188001-188912.nc b.e21.BHISTsmbb.f09_g17.LE2-1251.015.cam.h0.PSL.189001-189912.nc b.e21.BHISTsmbb.f09_g17.LE2-1251.015.cam."
"FCM","LE2-1251.016","no_metadata","match","","Mon Jan 16 12:51:30 2023: cdo cat b.e21.BHISTsmbb.f09_g17.LE2-1251.016.cam.h0.PSL.185001-185912.nc b.e21.BHISTsmbb.f09_g17.LE2-1251.016.cam.h0.PSL.186001-186912.nc b.e21.BHISTsmbb.f09_g17.LE2-1251.016.cam.h0.PSL.187001-187912.nc b.e21.BHISTsmbb.f09_g17.LE2-1251.016.cam.h0.PSL.188001-188912.nc b.e21.BHISTsmbb.f09_g17.LE2-1251.016.cam.h0.PSL.189001-189912.nc b.e21.BHISTsmbb.f09_g17.LE2-1251.016.cam."
"FCM","LE2-1251.017","no_metadata","match","","Mon Jan 16 12:51:35 2023: cdo cat b.e21.BHISTsmbb.f09_g17.LE2-1251.017.cam.h0.PSL.185001-185912.nc b.e21.BHISTsmbb.f09_g17.LE2-1251.017.cam.h0.PSL.186001-186912.nc b.e21.BHISTsmbb.f09_g17.LE2-1251.017.cam.h0.PSL.187001-187912.nc b.e21.BHISTsmbb.f09_g17.LE2-1251.017.cam.h0.PSL.188001-188912.nc b.e21.BHISTsmbb.f09_g17.LE2-1251.017.cam.h0.PSL.189001-189912.nc b.e21.BHISTsmbb.f09_g17.LE2-1251.017.cam."
"FCM","LE2-1251.018","no_metadata","match","","Mon Jan 16 12:51:40 2023: cdo cat b.e21.BHISTsmbb.f09_g17.LE2-1251.018.cam.h0.PSL.185001-185912.nc b.e21.BHISTsmbb.f09_g17.LE2-1251.018.cam.h0.PSL.186001-186912.nc b.e21.BHISTsmbb.f09_g17.LE2-1251.018.cam.h0.PSL.187001-187912.nc b.e21.BHISTsmbb.f09_g17.LE2-1251.018.cam.h0.PSL.188001-188912.nc b.e21.BHISTsmbb.f09_g17.LE2-1251.018.cam.h0.PSL.189001-189912.nc b.e21.BHISTsmbb.f09_g17.LE2-1251.018.cam."
"FCM","LE2-1251.019","no_metadata","match","","Mon Jan 16 12:51:45 2023: cdo cat b.e21.BHISTsmbb.f09_g17.LE2-1251.019.cam.h0.PSL.185001-185912.nc b.e21.BHISTsmbb.f09_g17.LE2-1251.019.cam.h0.PSL.186001-186912.nc b.e21.BHISTsmbb.f09_g17.LE2-1251.019.cam.h0.PSL.187001-187912.nc b.e21.BHISTsmbb.f09_g17.LE2-1251.019.cam.h0.PSL.188001-188912.nc b.e21.BHISTsmbb.f09_g17.LE2-1251.019.cam.h0.PSL.189001-189912.nc b.e21.BHISTsmbb.f09_g17.LE2-1251.019.cam."
"FCM","LE2-1251.020","no_metadata","match","","Mon Jan 16 12:51:51 2023: cdo cat b.e21.BHISTsmbb.f09_g17.LE2-1251.020.cam.h0.PSL.185001-185912.nc b.e21.BHISTsmbb.f09_g17.LE2-1251.020.cam.h0.PSL.186001-186912.nc b.e21.BHISTsmbb.f09_g17.LE2-1251.020.cam.h0.PSL.187001-187912.nc b.e21.BHISTsmbb.f09_g17.LE2-1251.020.cam.h0.PSL.188001-188912.nc b.e21.BHISTsmbb.f09_g17.LE2-1251.020.cam.h0.PSL.189001-189912.nc b.e21.BHISTsmbb.f09_g17.LE2-1251.020.cam."
"FCM","LE2-1281.011","no_metadata","match","","Mon Jan 16 12:51:56 2023: cdo cat b.e21.BHISTsmbb.f09_g17.LE2-1281.011.cam.h0.PSL.185001-185912.nc b.e21.BHISTsmbb.f09_g17.LE2-1281.011.cam.h0.PSL.186001-186912.nc b.e21.BHISTsmbb.f09_g17.LE2-1281.011.cam.h0.PSL.187001-187912.nc b.e21.BHISTsmbb.f09_g17.LE2-1281.011.cam.h0.PSL.188001-188912.nc b.e21.BHISTsmbb.f09_g17.LE2-1281.011.cam.h0.PSL.189001-189912.nc b.e21.BHISTsmbb.f09_g17.LE2-1281.011.cam."
"FCM","LE2-1281.012","no_metadata","match","","Mon Jan 16 12:52:01 2023: cdo cat b.e21.BHISTsmbb.f09_g17.LE2-1281.012.cam.h0.PSL.185001-185912.nc b.e21.BHISTsmbb.f09_g17.LE2-1281.012.cam.h0.PSL.186001-186912.nc b.e21.BHISTsmbb.f09_g17.LE2-1281.012.cam.h0.PSL.187001-187912.nc b.e21.BHISTsmbb.f09_g17.LE2-1281.012.cam.h0.PSL.188001-188912.nc b.e21.BHISTsmbb.f09_g17.LE2-1281.012.cam.h0.PSL.189001-189912.nc b.e21.BHISTsmbb.f09_g17.LE2-1281.012.cam."
"FCM","LE2-1281.013","no_metadata","match","","Mon Jan 16 12:52:06 2023: cdo cat b.e21.BHISTsmbb.f09_g17.LE2-1281.013.cam.h0.PSL.185001-185912.nc b.e21.BHISTsmbb.f09_g17.LE2-1281.013.cam.h0.PSL.186001-186912.nc b.e21.BHISTsmbb.f09_g17.LE2-1281.013.cam.h0.PSL.187001-187912.nc b.e21.BHISTsmbb.f09_g17.LE2-1281.013.cam.h0.PSL.188001-188912.nc b.e21.BHISTsmbb.f09_g17.LE2-1281.013.cam.h0.PSL.189001-189912.nc b.e21.BHISTsmbb.f09_g17.LE2-1281.013.cam."
"FCM","LE2-1281.014","no_metadata","match","","Mon Jan 16 12:52:11 2023: cdo cat b.e21.BHISTsmbb.f09_g17.LE2-1281.014.cam.h0.PSL.185001-185912.nc b.e21.BHISTsmbb.f09_g17.LE2-1281.014.cam.h0.PSL.186001-186912.nc b.e21.BHISTsmbb.f09_g17.LE2-1281.014.cam.h0.PSL.187001-187912.nc b.e21.BHISTsmbb.f09_g17.LE2-1281.014.cam.h0.PSL.188001-188912.nc b.e21.BHISTsmbb.f09_g17.LE2-1281.014.cam.h0.PSL.189001-189912.nc b.e21.BHISTsmbb.f09_g17.LE2-1281.014.cam."
"FCM","LE2-1281.015","no_metadata","match","","Mon Jan 16 12:52:16 2023: cdo cat b.e21.BHISTsmbb.f09_g17.LE2-1281.015.cam.h0.PSL.185001-185912.nc b.e21.BHISTsmbb.f09_g17.LE2-1281.015.cam.h0.PSL.186001-186912.nc b.e21.BHISTsmbb.f09_g17.LE2-1281.015.cam.h0.PSL.187001-187912.nc b.e21.BHISTsmbb.f09_g17.LE2-1281.015.cam.h0.PSL.188001-188912.nc b.e21.BHISTsmbb.f09_g17.LE2-1281.015.cam.h0.PSL.189001-189912.nc b.e21.BHISTsmbb.f09_g17.LE2-1281.015.cam."
"FCM","LE2-1281.016","no_metadata","match","","Mon Jan 16 12:52:22 2023: cdo cat b.e21.BHISTsmbb.f09_g17.LE2-1281.016.cam.h0.PSL.185001-185912.nc b.e21.BHISTsmbb.f09_g17.LE2-1281.016.cam.h0.PSL.186001-186912.nc b.e21.BHISTsmbb.f09_g17.LE2-1281.016.cam.h0.PSL.187001-187912.nc b.e21.BHISTsmbb.f09_g17.LE2-1281.016.cam.h0.PSL.188001-188912.nc b.e21.BHISTsmbb.f09_g17.LE2-1281.016.cam.h0.PSL.189001-189912.nc b.e21.BHISTsmbb.f09_g17.LE2-1281.016.cam."
"FCM","LE2-1281.017","no_metadata","match","","Mon Jan 16 12:52:27 2023: cdo cat b.e21.BHISTsmbb.f09_g17.LE2-1281.017.cam.h0.PSL.185001-185912.nc b.e21.BHISTsmbb.f09_g17.LE2-1281.017.cam.h0.PSL.186001-186912.nc b.e21.BHISTsmbb.f09_g17.LE2-1281.017.cam.h0.PSL.187001-187912.nc b.e21.BHISTsmbb.f09_g17.LE2-1281.017.cam.h0.PSL.188001-188912.nc b.e21.BHISTsmbb.f09_g17.LE2-1281.017.cam.h0.PSL.189001-189912.nc b.e21.BHISTsmbb.f09_g17.LE2-1281.017.cam."
"FCM","LE2-1281.018","no_metadata","match","","Mon Jan 16 12:52:32 2023: cdo cat b.e21.BHISTsmbb.f09_g17.LE2-1281.018.cam.h0.PSL.185001-185912.nc b.e21.BHISTsmbb.f09_g17.LE2-1281.018.cam.h0.PSL.186001-186912.nc b.e21.BHISTsmbb.f09_g17.LE2-1281.018.cam.h0.PSL.187001-187912.nc b.e21.BHISTsmbb.f09_g17.LE2-1281.018.cam.h0.PSL.188001-188912.nc b.e21.BHISTsmbb.f09_g17.LE2-1281.018.cam.h0.PSL.189001-189912.nc b.e21.BHISTsmbb.f09_g17.LE2-1281.018.cam."
"FCM","LE2-1281.019","no_metadata","match","","Mon Jan 16 12:52:38 2023: cdo cat b.e21.BHISTsmbb.f09_g17.LE2-1281.019.cam.h0.PSL.185001-185912.nc b.e21.BHISTsmbb.f09_g17.LE2-1281.019.cam.h0.PSL.186001-186912.nc b.e21.BHISTsmbb.f09_g17.LE2-1281.019.cam.h0.PSL.187001-187912.nc b.e21.BHISTsmbb.f09_g17.LE2-1281.019.cam.h0.PSL.188001-188912.nc b.e21.BHISTsmbb.f09_g17.LE2-1281.019.cam.h0.PSL.189001-189912.nc b.e21.BHISTsmbb.f09_g17.LE2-1281.019.cam."
"FCM","LE2-1281.020","no_metadata","match","","Mon Jan 16 12:52:43 2023: cdo cat b.e21.BHISTsmbb.f09_g17.LE2-1281.020.cam.h0.PSL.185001-185912.nc b.e21.BHISTsmbb.f09_g17.LE2-1281.020.cam.h0.PSL.186001-186912.nc b.e21.BHISTsmbb.f09_g17.LE2-1281.020.cam.h0.PSL.187001-187912.nc b.e21.BHISTsmbb.f09_g17.LE2-1281.020.cam.h0.PSL.188001-188912.nc b.e21.BHISTsmbb.f09_g17.LE2-1281.020.cam.h0.PSL.189001-189912.nc b.e21.BHISTsmbb.f09_g17.LE2-1281.020.cam."
"FCM","LE2-1301.011","no_metadata","match","","Mon Jan 16 12:52:48 2023: cdo cat b.e21.BHISTsmbb.f09_g17.LE2-1301.011.cam.h0.PSL.185001-185912.nc b.e21.BHISTsmbb.f09_g17.LE2-1301.011.cam.h0.PSL.186001-186912.nc b.e21.BHISTsmbb.f09_g17.LE2-1301.011.cam.h0.PSL.187001-187912.nc b.e21.BHISTsmbb.f09_g17.LE2-1301.011.cam.h0.PSL.188001-188912.nc b.e21.BHISTsmbb.f09_g17.LE2-1301.011.cam.h0.PSL.189001-189912.nc b.e21.BHISTsmbb.f09_g17.LE2-1301.011.cam."
"FCM","LE2-1301.012","no_metadata","match","","Mon Jan 16 12:52:53 2023: cdo cat b.e21.BHISTsmbb.f09_g17.LE2-1301.012.cam.h0.PSL.185001-185912.nc b.e21.BHISTsmbb.f09_g17.LE2-1301.012.cam.h0.PSL.186001-186912.nc b.e21.BHISTsmbb.f09_g17.LE2-1301.012.cam.h0.PSL.187001-187912.nc b.e21.BHISTsmbb.f09_g17.LE2-1301.012.cam.h0.PSL.188001-188912.nc b.e21.BHISTsmbb.f09_g17.LE2-1301.012.cam.h0.PSL.189001-189912.nc b.e21.BHISTsmbb.f09_g17.LE2-1301.012.cam."
"FCM","LE2-1301.013","no_metadata","match","","Mon Jan 16 12:52:58 2023: cdo cat b.e21.BHISTsmbb.f09_g17.LE2-1301.013.cam.h0.PSL.185001-185912.nc b.e21.BHISTsmbb.f09_g17.LE2-1301.013.cam.h0.PSL.186001-186912.nc b.e21.BHISTsmbb.f09_g17.LE2-1301.013.cam.h0.PSL.187001-187912.nc b.e21.BHISTsmbb.f09_g17.LE2-1301.013.cam.h0.PSL.188001-188912.nc b.e21.BHISTsmbb.f09_g17.LE2-1301.013.cam.h0.PSL.189001-189912.nc b.e21.BHISTsmbb.f09_g17.LE2-1301.013.cam."
"FCM","LE2-1301.014","no_metadata","match","","Mon Jan 16 12:53:03 2023: cdo cat b.e21.BHISTsmbb.f09_g17.LE2-1301.014.cam.h0.PSL.185001-185912.nc b.e21.BHISTsmbb.f09_g17.LE2-1301.014.cam.h0.PSL.186001-186912.nc b.e21.BHISTsmbb.f09_g17.LE2-1301.014.cam.h0.PSL.187001-187912.nc b.e21.BHISTsmbb.f09_g17.LE2-1301.014.cam.h0.PSL.188001-188912.nc b.e21.BHISTsmbb.f09_g17.LE2-1301.014.cam.h0.PSL.189001-189912.nc b.e21.BHISTsmbb.f09_g17.LE2-1301.014.cam."
"FCM","LE2-1301.015","no_metadata","match","","Mon Jan 16 12:53:09 2023: cdo cat b.e21.BHISTsmbb.f09_g17.LE2-1301.015.cam.h0.PSL.185001-185912.nc b.e21.BHISTsmbb.f09_g17.LE2-1301.015.cam.h0.PSL.186001-186912.nc b.e21.BHISTsmbb.f09_g17.LE2-1301.015.cam.h0.PSL.187001-187912.nc b.e21.BHISTsmbb.f09_g17.LE2-1301.015.cam.h0.PSL.188001-188912.nc b.e21.BHISTsmbb.f09_g17.LE2-1301.015.cam.h0.PSL.189001-189912.nc b.e21.BHISTsmbb.f09_g17.LE2-1301.015.cam."
"FCM","LE2-1301.016","no_metadata","match","","Mon Jan 16 12:53:14 2023: cdo cat b.e21.BHISTsmbb.f09_g17.LE2-1301.016.cam.h0.PSL.185001-185912.nc b.e21.BHISTsmbb.f09_g17.LE2-1301.016.cam.h0.PSL.186001-186912.nc b.e21.BHISTsmbb.f09_g17.LE2-1301.016.cam.h0.PSL.187001-187912.nc b.e21.BHISTsmbb.f09_g17.LE2-1301.016.cam.h0.PSL.188001-188912.nc b.e21.BHISTsmbb.f09_g17.LE2-1301.016.cam.h0.PSL.189001-189912.nc b.e21.BHISTsmbb.f09_g17.LE2-1301.016.cam."
"FCM","LE2-1301.017","no_metadata","match","","Mon Jan 16 12:53:19 2023: cdo cat b.e21.BHISTsmbb.f09_g17.LE2-1301.017.cam.h0.PSL.185001-185912.nc b.e21.BHISTsmbb.f09_g17.LE2-1301.017.cam.h0.PSL.186001-186912.nc b.e21.BHISTsmbb.f09_g17.LE2-1301.017.cam.h0.PSL.187001-187912.nc b.e21.BHISTsmbb.f09_g17.LE2-1301.017.cam.h0.PSL.188001-188912.nc b.e21.BHISTsmbb.f09_g17.LE2-1301.017.cam.h0.PSL.189001-189912.nc b.e21.BHISTsmbb.f09_g17.LE2-1301.017.cam."
"FCM","LE2-1301.018","no_metadata","match","","Mon Jan 16 12:53:24 2023: cdo cat b.e21.BHISTsmbb.f09_g17.LE2-1301.018.cam.h0.PSL.185001-185912.nc b.e21.BHISTsmbb.f09_g17.LE2-1301.018.cam.h0.PSL.186001-186912.nc b.e21.BHISTsmbb.f09_g17.LE2-1301.018.cam.h0.PSL.187001-187912.nc b.e21.BHISTsmbb.f09_g17.LE2-1301.018.cam.h0.PSL.188001-188912.nc b.e21.BHISTsmbb.f09_g17.LE2-1301.018.cam.h0.PSL.189001-189912.nc b.e21.BHISTsmbb.f09_g17.LE2-1301.018.cam."
"FCM","LE2-1301.019","no_metadata","match","","Mon Jan 16 12:53:29 2023: cdo cat b.e21.BHISTsmbb.f09_g17.LE2-1301.019.cam.h0.PSL.185001-185912.nc b.e21.BHISTsmbb.f09_g17.LE2-1301.019.cam.h0.PSL.186001-186912.nc b.e21.BHISTsmbb.f09_g17.LE2-1301.019.cam.h0.PSL.187001-187912.nc b.e21.BHISTsmbb.f09_g17.LE2-1301.019.cam.h0.PSL.188001-188912.nc b.e21.BHISTsmbb.f09_g17.LE2-1301.019.cam.h0.PSL.189001-189912.nc b.e21.BHISTsmbb.f09_g17.LE2-1301.019.cam."
"FCM","LE2-1301.020","no_metadata","match","","Mon Jan 16 12:53:35 2023: cdo cat b.e21.BHISTsmbb.f09_g17.LE2-1301.020.cam.h0.PSL.185001-185912.nc b.e21.BHISTsmbb.f09_g17.LE2-1301.020.cam.h0.PSL.186001-186912.nc b.e21.BHISTsmbb.f09_g17.LE2-1301.020.cam.h0.PSL.187001-187912.nc b.e21.BHISTsmbb.f09_g17.LE2-1301.020.cam.h0.PSL.188001-188912.nc b.e21.BHISTsmbb.f09_g17.LE2-1301.020.cam.h0.PSL.189001-189912.nc b.e21.BHISTsmbb.f09_g17.LE2-1301.020.cam."
"MDM","01","no_metadata","match","","Mon Jan 16 12:04:55 2023: cdo cat md.BHISTsmbb.f09_g17.01.cam.h0.PSL.185001-189912.nc md.BHISTsmbb.f09_g17.01.cam.h0.PSL.190001-194912.nc md.BHISTsmbb.f09_g17.01.cam.h0.PSL.195001-199912.nc md.BHISTsmbb.f09_g17.01.cam.h0.PSL.200001-201412.nc /gpfs_backup/slarson_data/ktmcmoni/CESM2/LE_data/PSL/PSL.monthly.MD.01.1850-2014.nc | md.BHISTsmbb.f09_g17.01"
"MDM","02","no_metadata","match","","Mon Jan 16 12:05:00 2023: cdo cat md.BHISTsmbb.f09_g17.02.cam.h0.PSL.185001-189912.nc md.BHISTsmbb.f09_g17.02.cam.h0.PSL.190001-194912.nc md.BHISTsmbb.f09_g17.02.cam.h0.PSL.195001-199912.nc md.BHISTsmbb.f09_g17.02.cam.h0.PSL.200001-201412.nc /gpfs_backup/slarson_data/ktmcmoni/CESM2/LE_data/PSL/PSL.monthly.MD.02.1850-2014.nc | md.BHISTsmbb.f09_g17.02"
"MDM","03","no_metadata","match","","Mon Jan 16 12:05:05 2023: cdo cat md.BHISTsmbb.f09_g17.01.cam.h0.PSL.185001-189912.nc md.BHISTsmbb.f09_g17.01.cam.h0.PSL.190001-194912.nc md.BHISTsmbb.f09_g17.01.cam.h0.PSL.195001-199912.nc md.BHISTsmbb.f09_g17.01.cam.h0.PSL.200001-201412.nc /gpfs_backup/slarson_data/ktmcmoni/CESM2/LE_data/PSL/PSL.monthly.MD.03.1850-2014.nc | md.BHISTsmbb.f09_g17.03"
"MDM","04","no_metadata","match","","Mon Jan 16 12:05:10 2023: cdo cat md.BHISTsmbb.f09_g17.01.cam.h0.PSL.185001-189912.nc md.BHISTsmbb.f09_g17.01.cam.h0.PSL.190001-194912.nc md.BHISTsmbb.f09_g17.01.cam.h0.PSL.195001-199912.nc md.BHISTsmbb.f09_g17.01.cam.h0.PSL.200001-201412.nc /gpfs_backup/slarson_data/ktmcmoni/CESM2/LE_data/PSL/PSL.monthly.MD.04.1850-2014.nc | md.BHISTsmbb.f09_g17.04"
"MDM","05","no_metadata","match","","Mon Jan 16 12:05:15 2023: cdo cat md.BHISTsmbb.f09_g17.01.cam.h0.PSL.185001-189912.nc md.BHISTsmbb.f09_g17.01.cam.h0.PSL.190001-194912.nc md.BHISTsmbb.f09_g17.01.cam.h0.PSL.195001-199912.nc md.BHISTsmbb.f09_g17.01.cam.h0.PSL.200001-201412.nc /gpfs_backup/slarson_data/ktmcmoni/CESM2/LE_data/PSL/PSL.monthly.MD.05.1850-2014.nc | md.BHISTsmbb.f09_g17.05"
"MDM","06","no_metadata","match","","Mon Jan 16 12:05:20 2023: cdo cat md.BHISTsmbb.f09_g17.06.cam.h0.PSL.185001-189912.nc md.BHISTsmbb.f09_g17.06.cam.h0.PSL.190001-194912.nc md.BHISTsmbb.f09_g17.06.cam.h0.PSL.195001-199912.nc md.BHISTsmbb.f09_g17.06.cam.h0.PSL.200001-201412.nc /gpfs_backup/slarson_data/ktmcmoni/CESM2/LE_data/PSL/PSL.monthly.MD.06.1850-2014.nc | md.BHISTsmbb.f09_g17.06"
"MDM","07","no_metadata","match","","Mon Jan 16 12:05:25 2023: cdo cat md.BHISTsmbb.f09_g17.01.cam.h0.PSL.185001-189912.nc md.BHISTsmbb.f09_g17.01.cam.h0.PSL.190001-194912.nc md.BHISTsmbb.f09_g17.01.cam.h0.PSL.195001-199912.nc md.BHISTsmbb.f09_g17.01.cam.h0.PSL.200001-201412.nc /gpfs_backup/slarson_data/ktmcmoni/CESM2/LE_data/PSL/PSL.monthly.MD.07.1850-2014.nc | md.BHISTsmbb.f09_g17.07"
"MDM","08","no_metadata","match","","Mon Jan 16 12:05:31 2023: cdo cat md.BHISTsmbb.f09_g17.08.cam.h0.PSL.185001-189912.nc md.BHISTsmbb.f09_g17.08.cam.h0.PSL.190001-194912.nc md.BHISTsmbb.f09_g17.08.cam.h0.PSL.195001-199912.nc md.BHISTsmbb.f09_g17.08.cam.h0.PSL.200001-201412.nc /gpfs_backup/slarson_data/ktmcmoni/CESM2/LE_data/PSL/PSL.monthly.MD.08.1850-2014.nc | md.BHISTsmbb.f09_g17.08"
"MDM","09","no_metadata","match","","Mon Jan 16 12:05:36 2023: cdo cat md.BHISTsmbb.f09_g17.09.cam.h0.PSL.185001-189912.nc md.BHISTsmbb.f09_g17.09.cam.h0.PSL.190001-194912.nc md.BHISTsmbb.f09_g17.09.cam.h0.PSL.195001-199912.nc md.BHISTsmbb.f09_g17.09.cam.h0.PSL.200001-201412.nc /gpfs_backup/slarson_data/ktmcmoni/CESM2/LE_data/PSL/PSL.monthly.MD.09.1850-2014.nc | md.BHISTsmbb.f09_g17.09"
"MDM","10","no_metadata","match","","Mon Jan 16 12:05:41 2023: cdo cat md.BHISTsmbb.f09_g17.10.cam.h0.PSL.185001-189912.nc md.BHISTsmbb.f09_g17.10.cam.h0.PSL.190001-194912.nc md.BHISTsmbb.f09_g17.10.cam.h0.PSL.195001-199912.nc md.BHISTsmbb.f09_g17.10.cam.h0.PSL.200001-201412.nc /gpfs_backup/slarson_data/ktmcmoni/CESM2/LE_data/PSL/PSL.monthly.MD.10.1850-2014.nc | md.BHISTsmbb.f09_g17.10"
"MDM","11","no_metadata","match","","Mon Jan 16 12:05:46 2023: cdo cat md.BHISTsmbb.f09_g17.11.cam.h0.PSL.185001-189912.nc md.BHISTsmbb.f09_g17.11.cam.h0.PSL.190001-194912.nc md.BHISTsmbb.f09_g17.11.cam.h0.PSL.195001-199912.nc md.BHISTsmbb.f09_g17.11.cam.h0.PSL.200001-201412.nc /gpfs_backup/slarson_data/ktmcmoni/CESM2/LE_data/PSL/PSL.monthly.MD.11.1850-2014.nc | md.BHISTsmbb.f09_g17.11"
"MDM","12","no_metadata","match","","Mon Jan 16 12:05:51 2023: cdo cat md.BHISTsmbb.f09_g17.12.cam.h0.PSL.185001-189912.nc md.BHISTsmbb.f09_g17.12.cam.h0.PSL.190001-194912.nc md.BHISTsmbb.f09_g17.12.cam.h0.PSL.195001-199912.nc md.BHISTsmbb.f09_g17.12.cam.h0.PSL.200001-201412.nc /gpfs_backup/slarson_data/ktmcmoni/CESM2/LE_data/PSL/PSL.monthly.MD.12.1850-2014.nc | md.BHISTsmbb.f09_g17.12"
"MDM","13","no_metadata","match","","Mon Jan 16 12:05:56 2023: cdo cat md.BHISTsmbb.f09_g17.13.cam.h0.PSL.185001-189912.nc md.BHISTsmbb.f09_g17.13.cam.h0.PSL.190001-194912.nc md.BHISTsmbb.f09_g17.13.cam.h0.PSL.195001-199912.nc md.BHISTsmbb.f09_g17.13.cam.h0.PSL.200001-201412.nc /gpfs_backup/slarson_data/ktmcmoni/CESM2/LE_data/PSL/PSL.monthly.MD.13.1850-2014.nc | md.BHISTsmbb.f09_g17.13"
"MDM","14","no_metadata","match","","Mon Jan 16 12:06:01 2023: cdo cat md.BHISTsmbb.f09_g17.14.cam.h0.PSL.185001-189912.nc md.BHISTsmbb.f09_g17.14.cam.h0.PSL.190001-194912.nc md.BHISTsmbb.f09_g17.14.cam.h0.PSL.195001-199912.nc md.BHISTsmbb.f09_g17.14.cam.h0.PSL.200001-201412.nc /gpfs_backup/slarson_data/ktmcmoni/CESM2/LE_data/PSL/PSL.monthly.MD.14.1850-2014.nc | md.BHISTsmbb.f09_g17.14"
"MDM","15","no_metadata","match","","Mon Jan 16 12:06:06 2023: cdo cat md.BHISTsmbb.f09_g17.15.cam.h0.PSL.185001-189912.nc md.BHISTsmbb.f09_g17.15.cam.h0.PSL.190001-194912.nc md.BHISTsmbb.f09_g17.15.cam.h0.PSL.195001-199912.nc md.BHISTsmbb.f09_g17.15.cam.h0.PSL.200001-201412.nc /gpfs_backup/slarson_data/ktmcmoni/CESM2/LE_data/PSL/PSL.monthly.MD.15.1850-2014.nc | md.BHISTsmbb.f09_g17.15"
"MDM","16","no_metadata","match","","Mon Jan 16 12:06:11 2023: cdo cat md.BHISTsmbb.f09_g17.16.cam.h0.PSL.185001-189912.nc md.BHISTsmbb.f09_g17.16.cam.h0.PSL.190001-194912.nc md.BHISTsmbb.f09_g17.16.cam.h0.PSL.195001-199912.nc md.BHISTsmbb.f09_g17.16.cam.h0.PSL.200001-201412.nc /gpfs_backup/slarson_data/ktmcmoni/CESM2/LE_data/PSL/PSL.monthly.MD.16.1850-2014.nc | md.BHISTsmbb.f09_g17.16"
"MDM","17","no_metadata","match","","Mon Jan 16 12:06:15 2023: cdo cat md.BHISTsmbb.f09_g17.17.cam.h0.PSL.185001-189912.nc md.BHISTsmbb.f09_g17.17.cam.h0.PSL.190001-194912.nc md.BHISTsmbb.f09_g17.17.cam.h0.PSL.195001-199912.nc md.BHISTsmbb.f09_g17.17.cam.h0.PSL.200001-201412.nc /gpfs_backup/slarson_data/ktmcmoni/CESM2/LE_data/PSL/PSL.monthly.MD.17.1850-2014.nc | md.BHISTsmbb.f09_g17.17"
"MDM","18","no_metadata","match","","Mon Jan 16 12:06:20 2023: cdo cat md.BHISTsmbb.f09_g17.18.cam.h0.PSL.185001-189912.nc md.BHISTsmbb.f09_g17.18.cam.h0.PSL.190001-194912.nc md.BHISTsmbb.f09_g17.18.cam.h0.PSL.195001-199912.nc md.BHISTsmbb.f09_g17.18.cam.h0.PSL.200001-201412.nc /gpfs_backup/slarson_data/ktmcmoni/CESM2/LE_data/PSL/PSL.monthly.MD.18.1850-2014.nc | md.BHISTsmbb.f09_g17.18"
"MDM","19","no_metadata","match","","Mon Jan 16 12:06:26 2023: cdo cat md.BHISTsmbb.f09_g17.19.cam.h0.PSL.185001-189912.nc md.BHISTsmbb.f09_g17.19.cam.h0.PSL.190001-194912.nc md.BHISTsmbb.f09_g17.19.cam.h0.PSL.195001-199912.nc md.BHISTsmbb.f09_g17.19.cam.h0.PSL.200001-201412.nc /gpfs_backup/slarson_data/ktmcmoni/CESM2/LE_data/PSL/PSL.monthly.MD.19.1850-2014.nc | md.BHISTsmbb.f09_g17.19"
"MDM","20","no_metadata","match","","Mon Jan 16 12:06:31 2023: cdo cat md.BHISTsmbb.f09_g17.20.cam.h0.PSL.185001-189912.nc md.BHISTsmbb.f09_g17.20.cam.h0.PSL.190001-194912.nc md.BHISTsmbb.f09_g17.20.cam.h0.PSL.195001-199912.nc md.BHISTsmbb.f09_g17.20.cam.h0.PSL.200001-201412.nc /gpfs_backup/slarson_data/ktmcmoni/CESM2/LE_data/PSL/PSL.monthly.MD.20.1850-2014.nc | md.BHISTsmbb.f09_g17.20"
