"","month.anom","Year","Month"
"1",0.635622267146606,1854,1
"2",0.524020991272243,1854,2
"3",0.652824836715476,1854,3
"4",0.603087877111357,1854,4
"5",0.541716088427964,1854,5
"6",0.548839061036677,1854,6
"7",0.5494416934684,1854,7
"8",0.792882095449464,1854,8
"9",0.725735269723186,1854,9
"10",0.406606926787355,1854,10
"11",0.293322560563202,1854,11
"12",0.303216651215181,1854,12
"13",0.315249419607473,1855,1
"14",0.219902957507882,1855,2
"15",0.204782148125241,1855,3
"16",0.323485225968596,1855,4
"17",0.353935887860824,1855,5
"18",0.370545906317388,1855,6
"19",0.0488575480854996,1855,7
"20",0.309652853080373,1855,8
"21",0.411940180869455,1855,9
"22",0.406183247474215,1855,10
"23",0.388976986844863,1855,11
"24",-0.117637071567264,1855,12
"25",0.317072206962089,1856,1
"26",0.445159873053658,1856,2
"27",0.626864662563975,1856,3
"28",0.507158867792594,1856,4
"29",0.271487284414549,1856,5
"30",0.28773738151939,1856,6
"31",0.090919997372107,1856,7
"32",0.575510695605878,1856,8
"33",0.689994315442875,1856,9
"34",0.778437889501885,1856,10
"35",0.41327582147693,1856,11
"36",0.317690568051176,1856,12
"37",0.675891362123678,1857,1
"38",0.255125142346926,1857,2
"39",0.0555603058617734,1857,3
"40",0.183639750206397,1857,4
"41",0.464953101220535,1857,5
"42",0.633575980970394,1857,6
"43",0.712691914339272,1857,7
"44",0.50813623899012,1857,8
"45",0.309286948704038,1857,9
"46",0.48071049211942,1857,10
"47",0.650150827735211,1857,11
"48",0.563238490680347,1857,12
"49",0.477142152468104,1858,1
"50",0.327691696517308,1858,2
"51",0.243307366686563,1858,3
"52",0.0961676809038601,1858,4
"53",0.453566044162139,1858,5
"54",0.859477430046696,1858,6
"55",0.683360044506219,1858,7
"56",1.05752290702673,1858,8
"57",0.482252579813049,1858,9
"58",0.708262741071395,1858,10
"59",0.638295931228468,1858,11
"60",0.498610758628685,1858,12
"61",0.619660575214038,1859,1
"62",0.492352957140101,1859,2
"63",0.21645956836739,1859,3
"64",-0.221895462678794,1859,4
"65",-0.226974050174804,1859,5
"66",-0.01753930001585,1859,6
"67",0.370339422125611,1859,7
"68",0.150980585984647,1859,8
"69",0.180351613373285,1859,9
"70",0.313931867206041,1859,10
"71",0.377314320512872,1859,11
"72",0.505781980898015,1859,12
"73",0.480691415141651,1860,1
"74",0.473949891766827,1860,2
"75",0.526266227109405,1860,3
"76",0.346652051363129,1860,4
"77",0.266923318771791,1860,5
"78",-0.323213478888475,1860,6
"79",-2.29563266470069,1860,7
"80",-2.20957433632935,1860,8
"81",-0.317766558279943,1860,9
"82",-0.0834030392918926,1860,10
"83",0.11226910353507,1860,11
"84",0.226246684299602,1860,12
"85",0.270743901216452,1861,1
"86",0.300957056760632,1861,2
"87",0.339749643715749,1861,3
"88",0.304237563231338,1861,4
"89",0.475630639293292,1861,5
"90",0.397046489037074,1861,6
"91",0.24415081395046,1861,7
"92",0.201203046767281,1861,8
"93",0.148004640860711,1861,9
"94",0.172121659087148,1861,10
"95",0.222316890535168,1861,11
"96",0.338624444074786,1861,12
"97",0.317241602091466,1862,1
"98",0.329023161501627,1862,2
"99",0.385873469273397,1862,3
"100",0.303683962637378,1862,4
"101",0.462885798792938,1862,5
"102",0.396232331921492,1862,6
"103",0.247688987996377,1862,7
"104",0.204465795524209,1862,8
"105",0.0870193875238681,1862,9
"106",0.177781986539623,1862,10
"107",0.283232434088584,1862,11
"108",0.475985885912285,1862,12
"109",0.396602580422515,1863,1
"110",0.343670245807536,1863,2
"111",0.381764288353689,1863,3
"112",0.279251366552308,1863,4
"113",0.426975620875148,1863,5
"114",0.377215683377368,1863,6
"115",0.173136473585634,1863,7
"116",0.121320716986747,1863,8
"117",0.107711446623336,1863,9
"118",0.161033952971802,1863,10
"119",0.217466960802931,1863,11
"120",0.320006266406466,1863,12
"121",0.31547121630222,1864,1
"122",0.315975864578075,1864,2
"123",0.35148596154926,1864,3
"124",0.245176568546023,1864,4
"125",0.37738563535659,1864,5
"126",0.3404613559737,1864,6
"127",0.210306884609832,1864,7
"128",0.0803071867917812,1864,8
"129",0.0396847389713079,1864,9
"130",0.135904780726798,1864,10
"131",0.280370656155424,1864,11
"132",0.294635799010374,1864,12
"133",0.247007788009428,1865,1
"134",0.328557587042119,1865,2
"135",0.365106730321573,1865,3
"136",0.251056054502818,1865,4
"137",0.363726747262581,1865,5
"138",0.295732808211224,1865,6
"139",0.130771567020219,1865,7
"140",0.07862146464523,1865,8
"141",0.0366364235471157,1865,9
"142",0.0742166694187637,1865,10
"143",0.0797894796021346,1865,11
"144",0.0405057435074628,1865,12
"145",-0.311822011064972,1866,1
"146",-0.220359902592995,1866,2
"147",-0.0962062560447598,1866,3
"148",0.0103802982580563,1866,4
"149",0.122712459311175,1866,5
"150",0.0423204172507188,1866,6
"151",-0.109265230671934,1866,7
"152",-0.00202475913069452,1866,8
"153",-0.0952133206304733,1866,9
"154",-0.0469954182567235,1866,10
"155",0.0433969990393661,1866,11
"156",0.125485654292994,1866,12
"157",0.192039570008977,1867,1
"158",0.212045743707634,1867,2
"159",0.28320830193808,1867,3
"160",0.193878738059626,1867,4
"161",0.334615723872394,1867,5
"162",0.21345355279473,1867,6
"163",-0.00321929952205574,1867,7
"164",-0.0192209781631259,1867,8
"165",-0.0593676461599644,1867,9
"166",-0.0355829419686938,1867,10
"167",0.052714356514503,1867,11
"168",0.185822204805827,1867,12
"169",0.159131304871617,1868,1
"170",0.178159770624491,1868,2
"171",0.229457764498341,1868,3
"172",0.157092441834308,1868,4
"173",0.260034088705419,1868,5
"174",0.174157413821184,1868,6
"175",-0.0265409894208149,1868,7
"176",-0.0472863063078408,1868,8
"177",-0.0767232946596385,1868,9
"178",-0.0183491339930685,1868,10
"179",0.0371151169550198,1868,11
"180",0.147386995321417,1868,12
"181",0.243354464721055,1869,1
"182",0.24192692736777,1869,2
"183",0.335141026004071,1869,3
"184",0.428926704741607,1869,4
"185",1.37718803215836,1869,5
"186",1.28759999113898,1869,6
"187",1.02112742701428,1869,7
"188",0.478723046870952,1869,8
"189",-0.0206439890550964,1869,9
"190",-0.112641131117594,1869,10
"191",0.0645602682812628,1869,11
"192",0.16367992195146,1869,12
"193",0.303316502405974,1870,1
"194",0.368037340740081,1870,2
"195",0.442726061812573,1870,3
"196",0.23379753135634,1870,4
"197",0.308978309740301,1870,5
"198",0.146511091648151,1870,6
"199",0.167075526935656,1870,7
"200",0.162253025952003,1870,8
"201",0.18685099631523,1870,9
"202",0.295977610163854,1870,10
"203",0.187261053666583,1870,11
"204",0.25569151059468,1870,12
"205",0.311055900768612,1871,1
"206",0.310201300105699,1871,2
"207",0.394499300603439,1871,3
"208",0.252806018391533,1871,4
"209",0.335558405899387,1871,5
"210",0.338947829079077,1871,6
"211",0.276063750672151,1871,7
"212",0.741550735248376,1871,8
"213",0.664167376730298,1871,9
"214",0.534398097481998,1871,10
"215",0.288179606684428,1871,11
"216",0.342642782810006,1871,12
"217",0.349191256570092,1872,1
"218",0.314475371236556,1872,2
"219",0.323205181646854,1872,3
"220",0.232367490680268,1872,4
"221",0.390459164411823,1872,5
"222",0.24216405718821,1872,6
"223",0.0163230671966784,1872,7
"224",-0.0118969831259368,1872,8
"225",-0.0429566275950494,1872,9
"226",0.0626983629572521,1872,10
"227",-0.436439034674133,1872,11
"228",-0.461133190264014,1872,12
"229",-0.329245577736935,1873,1
"230",0.0113584026642107,1873,2
"231",0.11628083474096,1873,3
"232",0.0363986621289142,1873,4
"233",-0.579714381521671,1873,5
"234",-0.714286663435779,1873,6
"235",-0.295070959977047,1873,7
"236",0.310039210461844,1873,8
"237",1.46797880421427,1873,9
"238",1.44973410687515,1873,10
"239",0.286411931610766,1873,11
"240",0.24833256048966,1873,12
"241",0.298778931254826,1874,1
"242",0.32172604736532,1874,2
"243",0.400709508554926,1874,3
"244",0.693072600384951,1874,4
"245",1.48769621408951,1874,5
"246",2.00215044916233,1874,6
"247",1.52529596252309,1874,7
"248",1.86082303210404,1874,8
"249",1.89142330422242,1874,9
"250",0.835103221996935,1874,10
"251",0.537895258851607,1874,11
"252",0.196829681810572,1874,12
"253",-0.232840106148093,1875,1
"254",-0.266969384595552,1875,2
"255",-0.0892360344260749,1875,3
"256",-0.0943457415499357,1875,4
"257",-0.539499271728047,1875,5
"258",-0.263831949785819,1875,6
"259",-0.902868207744907,1875,7
"260",-0.493641435776687,1875,8
"261",-0.579566875878867,1875,9
"262",-0.47940822139277,1875,10
"263",-0.100743361071672,1875,11
"264",0.0504495523149733,1875,12
"265",0.240397069728381,1876,1
"266",0.223933869413053,1876,2
"267",0.256184255740636,1876,3
"268",0.119720923479902,1876,4
"269",0.290938357611235,1876,5
"270",0.391651524984293,1876,6
"271",-0.249114594524504,1876,7
"272",-0.302502918607045,1876,8
"273",-0.230967109399187,1876,9
"274",-0.0585823659331202,1876,10
"275",0.248950922908512,1876,11
"276",0.368450131544931,1876,12
"277",0.579005822722609,1877,1
"278",0.596817169403688,1877,2
"279",0.644108783953081,1877,3
"280",0.691401520689108,1877,4
"281",1.02271638151481,1877,5
"282",0.919881550272938,1877,6
"283",0.663377412064827,1877,7
"284",0.377505099759418,1877,8
"285",0.308807267881858,1877,9
"286",0.556393273946377,1877,10
"287",0.839881644810635,1877,11
"288",0.857309829941387,1877,12
"289",0.676851844413497,1878,1
"290",0.81735546251377,1878,2
"291",0.558471869748879,1878,3
"292",0.604277251615478,1878,4
"293",1.01400513763378,1878,5
"294",1.47185143178398,1878,6
"295",1.41080792407567,1878,7
"296",2.31476637106751,1878,8
"297",0.0686625805996497,1878,9
"298",0.556808102409912,1878,10
"299",0.597282925459759,1878,11
"300",1.08518765501216,1878,12
"301",0.653573799367998,1879,1
"302",0.864985897832614,1879,2
"303",0.80733319255331,1879,3
"304",0.607970421061367,1879,4
"305",0.250614296810334,1879,5
"306",0.499352880992971,1879,6
"307",-0.761185766044671,1879,7
"308",-0.175531401674532,1879,8
"309",-0.21373827537975,1879,9
"310",0.787430042397946,1879,10
"311",0.534005080530377,1879,11
"312",0.593793631051906,1879,12
"313",0.61900196989071,1880,1
"314",0.442358325272616,1880,2
"315",0.347858397882813,1880,3
"316",-0.0716199639638008,1880,4
"317",-1.10255488180273,1880,5
"318",-1.6922418121108,1880,6
"319",-0.338165775499625,1880,7
"320",-0.374690794946413,1880,8
"321",0.00482271138509678,1880,9
"322",-0.413675696493467,1880,10
"323",-0.213799663985559,1880,11
"324",0.10252457211668,1880,12
"325",0.182840919132868,1881,1
"326",0.0800448793492891,1881,2
"327",-0.0437305146070147,1881,3
"328",-0.988495037834894,1881,4
"329",-1.75330298608757,1881,5
"330",-1.6655509238746,1881,6
"331",-0.261766323914912,1881,7
"332",-0.456651202662395,1881,8
"333",-0.206338258517749,1881,9
"334",0.428575252741393,1881,10
"335",0.717091923269028,1881,11
"336",0.893051960790235,1881,12
"337",0.482297642063383,1882,1
"338",0.483959041567654,1882,2
"339",0.430196134758515,1882,3
"340",0.383331479578392,1882,4
"341",0.622714357223429,1882,5
"342",-0.0364543424183567,1882,6
"343",-0.301010435808087,1882,7
"344",0.793171207462198,1882,8
"345",0.574521896875293,1882,9
"346",0.527280255108683,1882,10
"347",0.715937511742992,1882,11
"348",1.60536503838236,1882,12
"349",0.222961212837815,1883,1
"350",0.379071620423356,1883,2
"351",0.384689341458862,1883,3
"352",0.581756286211907,1883,4
"353",0.501904025585778,1883,5
"354",0.638677083063213,1883,6
"355",0.478323363841546,1883,7
"356",0.0680048875293655,1883,8
"357",0.278642430069318,1883,9
"358",0.486919514983298,1883,10
"359",0.69166435549119,1883,11
"360",1.13037119096795,1883,12
"361",0.976151817946762,1884,1
"362",0.581334090251279,1884,2
"363",-0.128029230237936,1884,3
"364",-0.599002393906466,1884,4
"365",1.22647487093814,1884,5
"366",-0.233026955435188,1884,6
"367",-0.13727691024725,1884,7
"368",0.28779750320975,1884,8
"369",1.77223517004249,1884,9
"370",1.24343750662698,1884,10
"371",1.0481060718484,1884,11
"372",1.37057101687398,1884,12
"373",1.26198355529642,1885,1
"374",0.806436532585601,1885,2
"375",-0.0743534301038356,1885,3
"376",-0.775109509406023,1885,4
"377",-2.09575804838447,1885,5
"378",-3.39998969218971,1885,6
"379",-4.42962969979718,1885,7
"380",-3.19835750830182,1885,8
"381",-3.5092658631213,1885,9
"382",-1.41353464164912,1885,10
"383",-0.745724042145843,1885,11
"384",-0.425736544744056,1885,12
"385",-0.352853248080462,1886,1
"386",-0.214605367761714,1886,2
"387",-0.683790267759088,1886,3
"388",-0.376617411979213,1886,4
"389",-0.530175777308914,1886,5
"390",-0.941480940655016,1886,6
"391",-1.56560293476443,1886,7
"392",-1.38656652282402,1886,8
"393",-0.731138762096654,1886,9
"394",-0.821355808851428,1886,10
"395",-1.89760977882142,1886,11
"396",-0.621726458438499,1886,12
"397",-0.244591985915205,1887,1
"398",0.0126938646562026,1887,2
"399",0.0776889113094576,1887,3
"400",0.1263121999393,1887,4
"401",0.0928852238880319,1887,5
"402",-0.956249198172104,1887,6
"403",-1.04032719555353,1887,7
"404",-1.45375063848545,1887,8
"405",-0.414286461165282,1887,9
"406",-2.09931803650972,1887,10
"407",-0.626026542171341,1887,11
"408",-0.427665651223574,1887,12
"409",0.0286070341774914,1888,1
"410",0.257051093803265,1888,2
"411",0.303385208972961,1888,3
"412",0.607426536489329,1888,4
"413",2.56318610489527,1888,5
"414",3.97768158327247,1888,6
"415",5.86789041165159,1888,7
"416",4.47143562326931,1888,8
"417",1.64418694015035,1888,9
"418",1.09844741836028,1888,10
"419",1.05405892076923,1888,11
"420",0.864580714673254,1888,12
"421",0.580366526841519,1889,1
"422",0.417428521958937,1889,2
"423",0.391975177433812,1889,3
"424",0.258674883561621,1889,4
"425",0.40988692699705,1889,5
"426",0.421025327174448,1889,6
"427",0.223610020328853,1889,7
"428",-0.0429041753290838,1889,8
"429",-0.140610996955391,1889,9
"430",0.0421863151420552,1889,10
"431",0.330534206047737,1889,11
"432",0.280847151703405,1889,12
"433",0.185329071010428,1890,1
"434",0.0695851375658478,1890,2
"435",-0.000422632281768272,1890,3
"436",-0.0778268733062217,1890,4
"437",-0.475350265760908,1890,5
"438",-0.470889526836568,1890,6
"439",-0.577262677877321,1890,7
"440",-0.339989438915852,1890,8
"441",0.0894688621119673,1890,9
"442",-0.956711640755213,1890,10
"443",-1.96050149707508,1890,11
"444",-1.47524971324849,1890,12
"445",-0.567204216227298,1891,1
"446",-0.0115341993737345,1891,2
"447",0.695266151412894,1891,3
"448",0.888324099420125,1891,4
"449",1.74036968375126,1891,5
"450",1.93439265009061,1891,6
"451",1.92577962698816,1891,7
"452",1.93269482509854,1891,8
"453",1.93006236684901,1891,9
"454",1.46754724528902,1891,10
"455",-1.43763776088377,1891,11
"456",-1.47223732473167,1891,12
"457",-0.718455676554259,1892,1
"458",-0.136417453738721,1892,2
"459",0.136954434615129,1892,3
"460",0.567494011693388,1892,4
"461",-0.649105184155201,1892,5
"462",-0.999361534013131,1892,6
"463",-1.9644709720465,1892,7
"464",-2.60742409639149,1892,8
"465",-2.29622293440374,1892,9
"466",-3.54749121304036,1892,10
"467",-1.62802496236163,1892,11
"468",-0.613910798071893,1892,12
"469",-0.0905654386866323,1893,1
"470",-0.100522149331165,1893,2
"471",0.0575248686228787,1893,3
"472",0.171844333232252,1893,4
"473",0.596160792955145,1893,5
"474",-0.177839297274821,1893,6
"475",-0.498580833132946,1893,7
"476",-0.0529996437784638,1893,8
"477",0.00543104248999368,1893,9
"478",-0.247218882178546,1893,10
"479",-0.243914635141352,1893,11
"480",-0.057421521354561,1893,12
"481",0.112104028500608,1894,1
"482",0.026299759502817,1894,2
"483",0.103321823604331,1894,3
"484",0.48306427511503,1894,4
"485",-0.632925530101593,1894,5
"486",-0.989213172895599,1894,6
"487",-0.628421620898925,1894,7
"488",-0.15075150912676,1894,8
"489",0.302082925032004,1894,9
"490",-0.673746029018329,1894,10
"491",-0.428835831542677,1894,11
"492",0.0384877717966531,1894,12
"493",0.145035210768275,1895,1
"494",0.109452245005414,1895,2
"495",0.119749816950941,1895,3
"496",-0.0183424778576756,1895,4
"497",-1.1914088421929,1895,5
"498",-1.27774547057183,1895,6
"499",-0.561892014331354,1895,7
"500",-0.00933910498626566,1895,8
"501",-0.151918334940422,1895,9
"502",0.903582985508226,1895,10
"503",0.537991639648586,1895,11
"504",0.457693961737252,1895,12
"505",0.237966482235589,1896,1
"506",0.166122972514727,1896,2
"507",0.101258649433923,1896,3
"508",-0.372392699935977,1896,4
"509",-1.0473861485202,1896,5
"510",-2.15063112191428,1896,6
"511",-2.06010959616604,1896,7
"512",-1.89611665021313,1896,8
"513",-0.889738254487937,1896,9
"514",-0.553011833231768,1896,10
"515",-0.647522389732688,1896,11
"516",0.136907875195891,1896,12
"517",-0.0980972621256032,1897,1
"518",-0.187320997764032,1897,2
"519",-0.151838422589696,1897,3
"520",-0.0850711062654415,1897,4
"521",-1.09142308026579,1897,5
"522",-2.12261057326244,1897,6
"523",-2.1070229288592,1897,7
"524",-1.08641489564592,1897,8
"525",-1.38042151897431,1897,9
"526",-1.09703635166221,1897,10
"527",0.121744304623672,1897,11
"528",0.281519885174498,1897,12
"529",0.246356669597143,1898,1
"530",0.146428298680675,1898,2
"531",0.100517149952517,1898,3
"532",0.0751005180657231,1898,4
"533",0.100559594164249,1898,5
"534",0.84272710833923,1898,6
"535",0.605079174205481,1898,7
"536",0.479201215318837,1898,8
"537",0.81676459948052,1898,9
"538",0.435216800560325,1898,10
"539",0.206552551440743,1898,11
"540",0.593722899421087,1898,12
"541",1.62311508782266,1899,1
"542",0.687077054072772,1899,2
"543",0.23719410241544,1899,3
"544",-0.119374169109093,1899,4
"545",0.371368753067144,1899,5
"546",1.17169220298571,1899,6
"547",3.03977626406136,1899,7
"548",3.38959459937877,1899,8
"549",0.364946362214499,1899,9
"550",-2.07417818634148,1899,10
"551",-1.10377075862629,1899,11
"552",-0.527367662158222,1899,12
"553",-0.0515338415065676,1900,1
"554",0.130447920679631,1900,2
"555",0.0488408640891824,1900,3
"556",0.481363218182464,1900,4
"557",0.408532089279158,1900,5
"558",-1.71001763095005,1900,6
"559",-0.723753844310352,1900,7
"560",-0.509834575917996,1900,8
"561",0.177867804202098,1900,9
"562",1.32462194918529,1900,10
"563",-0.372600124193514,1900,11
"564",0.144942854300063,1900,12
"565",2.10731206603365,1901,1
"566",0.522325168487197,1901,2
"567",-1.06253040214391,1901,3
"568",-0.798998319297578,1901,4
"569",0.285097310710415,1901,5
"570",0.839772244367918,1901,6
"571",0.589976520818063,1901,7
"572",0.526552557511677,1901,8
"573",-0.26862917916298,1901,9
"574",0.197888709179318,1901,10
"575",-0.92911530387187,1901,11
"576",0.975999613281541,1901,12
"577",1.71986846740799,1902,1
"578",1.06169353966008,1902,2
"579",1.39512811245662,1902,3
"580",1.79746582571733,1902,4
"581",2.97375685256331,1902,5
"582",0.235963614168176,1902,6
"583",3.03843732865702,1902,7
"584",1.19870683982998,1902,8
"585",0.259126641937857,1902,9
"586",0.449510992987675,1902,10
"587",-0.0266170007515246,1902,11
"588",1.36552539306506,1902,12
"589",1.27824238079697,1903,1
"590",0.381685815869729,1903,2
"591",0.0276965348957186,1903,3
"592",-0.419212816123043,1903,4
"593",-1.2823234934796,1903,5
"594",-1.54618498458851,1903,6
"595",-1.59768444108501,1903,7
"596",-1.2070742417871,1903,8
"597",-0.6837564340693,1903,9
"598",-0.37052614305154,1903,10
"599",0.049752337530046,1903,11
"600",0.600650277377422,1903,12
"601",2.14329833145654,1904,1
"602",1.38175705983722,1904,2
"603",-0.536542053979242,1904,3
"604",0.254539272358717,1904,4
"605",0.482150971239908,1904,5
"606",1.77743010080318,1904,6
"607",1.24904268221416,1904,7
"608",-0.332254485364956,1904,8
"609",0.853431868714356,1904,9
"610",1.06007265582189,1904,10
"611",-0.159663750452607,1904,11
"612",-0.214595285323906,1904,12
"613",0.727628440179247,1905,1
"614",0.605395144328973,1905,2
"615",1.01632961989219,1905,3
"616",0.0436848621014821,1905,4
"617",-0.119419577110694,1905,5
"618",0.787728457437092,1905,6
"619",-0.082616011972987,1905,7
"620",-0.526412354416494,1905,8
"621",0.718640453911661,1905,9
"622",-0.39180578731837,1905,10
"623",3.42285252673344,1905,11
"624",0.288177184131669,1905,12
"625",-0.748618086956331,1906,1
"626",1.06977647458824,1906,2
"627",0.193290595691859,1906,3
"628",0.786280297158274,1906,4
"629",-1.17945764007988,1906,5
"630",-1.36346452814184,1906,6
"631",0.214067880854774,1906,7
"632",1.19586622069011,1906,8
"633",0.279380718345336,1906,9
"634",0.647829664493235,1906,10
"635",2.81348594481383,1906,11
"636",1.854033968286,1906,12
"637",0.352765504091559,1907,1
"638",-1.15443593520112,1907,2
"639",-0.575133323532568,1907,3
"640",0.709989395142112,1907,4
"641",0.41898796805636,1907,5
"642",1.82189029637763,1907,6
"643",1.12889379801301,1907,7
"644",0.500745306435402,1907,8
"645",0.204203422865045,1907,9
"646",-1.050489997811,1907,10
"647",-0.463998492011943,1907,11
"648",-1.02652957633225,1907,12
"649",0.233545846792041,1908,1
"650",0.620203228995084,1908,2
"651",-0.164169526909399,1908,3
"652",-0.965129159183301,1908,4
"653",-1.70176150723897,1908,5
"654",-1.1303963401021,1908,6
"655",-0.815891008241318,1908,7
"656",-0.927459291330789,1908,8
"657",-0.904330331859684,1908,9
"658",-1.29548230493773,1908,10
"659",0.957582175937092,1908,11
"660",1.42491307695815,1908,12
"661",0.0196177364385107,1909,1
"662",-0.00486505114481679,1909,2
"663",-0.352890549217477,1909,3
"664",-0.318624774295252,1909,4
"665",0.480288822816616,1909,5
"666",-0.271576533176674,1909,6
"667",-0.523078805085612,1909,7
"668",-1.60783662870641,1909,8
"669",-1.16797848852613,1909,9
"670",-0.20207679818453,1909,10
"671",-0.251142529264242,1909,11
"672",-1.09119156852493,1909,12
"673",0.135485298926674,1910,1
"674",-0.122786480408532,1910,2
"675",0.136543376439485,1910,3
"676",-0.568753910777469,1910,4
"677",-1.74491633861256,1910,5
"678",-2.06059271172522,1910,6
"679",-2.66119232363746,1910,7
"680",-1.22871140592259,1910,8
"681",-0.170689389830765,1910,9
"682",-1.32038221093591,1910,10
"683",-1.18140154882848,1910,11
"684",-1.26380506143123,1910,12
"685",-0.134060390078451,1911,1
"686",-0.0932917844990924,1911,2
"687",-1.08941264284047,1911,3
"688",-0.543240494158271,1911,4
"689",-1.76962887698209,1911,5
"690",-1.98598038879631,1911,6
"691",-1.56958914731599,1911,7
"692",-0.412139402312042,1911,8
"693",0.0278722794331793,1911,9
"694",0.145641587506286,1911,10
"695",-0.465182319713589,1911,11
"696",-0.866096286950305,1911,12
"697",0.556377854147529,1912,1
"698",0.546937716227215,1912,2
"699",-0.131065752901679,1912,3
"700",0.847008753846001,1912,4
"701",1.18414314267092,1912,5
"702",0.585530953249538,1912,6
"703",0.573413819727866,1912,7
"704",-1.26511468701565,1912,8
"705",-1.10746301997857,1912,9
"706",-1.57270336955795,1912,10
"707",-2.2893883290007,1912,11
"708",-0.641410497927755,1912,12
"709",-0.559039698015448,1913,1
"710",0.53490828954605,1913,2
"711",0.904423870631758,1913,3
"712",0.378512719739313,1913,4
"713",0.263580554888622,1913,5
"714",0.529160301877231,1913,6
"715",0.383899681171614,1913,7
"716",0.313648632950732,1913,8
"717",-0.211324496174673,1913,9
"718",0.220529922272552,1913,10
"719",0.278166954294169,1913,11
"720",0.0716151065455474,1913,12
"721",-0.830284093481609,1914,1
"722",0.507063135776123,1914,2
"723",-0.435759995560914,1914,3
"724",-0.270324747291232,1914,4
"725",0.135318595685505,1914,5
"726",-0.42662498212646,1914,6
"727",0.274264971644745,1914,7
"728",0.501199365145903,1914,8
"729",0.438171914897292,1914,9
"730",0.905056947119356,1914,10
"731",1.23132183004668,1914,11
"732",1.83268770160003,1914,12
"733",0.991846136548473,1915,1
"734",0.428403954634582,1915,2
"735",1.20269606743734,1915,3
"736",1.16225527628495,1915,4
"737",1.14033266884727,1915,5
"738",1.1251235329169,1915,6
"739",2.13367973658528,1915,7
"740",0.40241124972463,1915,8
"741",-0.0981237469903112,1915,9
"742",-0.567616841327297,1915,10
"743",-0.472471497826692,1915,11
"744",0.335999880748021,1915,12
"745",0.892862818507067,1916,1
"746",-0.0111400238208982,1916,2
"747",-0.329537359094885,1916,3
"748",-1.19055433082974,1916,4
"749",-1.55189331518985,1916,5
"750",-2.68171012733602,1916,6
"751",-1.68847269055183,1916,7
"752",-2.04577319814718,1916,8
"753",-1.70427001952802,1916,9
"754",-0.895817864888006,1916,10
"755",-0.796131212403889,1916,11
"756",-0.739451448382378,1916,12
"757",-0.296567693436811,1917,1
"758",0.739774969244751,1917,2
"759",-0.0920065669857463,1917,3
"760",-0.891182512124202,1917,4
"761",-0.434125443895728,1917,5
"762",-0.376993788186024,1917,6
"763",-0.730518200017395,1917,7
"764",-1.09600583576269,1917,8
"765",-0.725376655702571,1917,9
"766",-0.112463913353713,1917,10
"767",-0.476153010664929,1917,11
"768",-0.20930848328609,1917,12
"769",0.24534484368942,1918,1
"770",0.542043153862354,1918,2
"771",0.862121919541097,1918,3
"772",0.856409572529592,1918,4
"773",-0.300295958212597,1918,5
"774",-0.943046763179998,1918,6
"775",-0.552342957098612,1918,7
"776",-0.88833786216419,1918,8
"777",-1.77043028201464,1918,9
"778",-1.13383737101636,1918,10
"779",-0.472389665820089,1918,11
"780",-1.13209538165308,1918,12
"781",-1.38238379906731,1919,1
"782",-0.465156596563875,1919,2
"783",-0.284761322395026,1919,3
"784",-0.0860512382589137,1919,4
"785",-1.56583245999619,1919,5
"786",-1.13703403855518,1919,6
"787",-1.51069427807302,1919,7
"788",-0.989363318263802,1919,8
"789",-0.725296648984348,1919,9
"790",-1.13913862798678,1919,10
"791",0.169632125842564,1919,11
"792",0.503935079396313,1919,12
"793",-1.97527582821041,1920,1
"794",0.0476341023762586,1920,2
"795",-0.0328134391443112,1920,3
"796",-0.393465310402115,1920,4
"797",-0.115384163783769,1920,5
"798",-1.84193647929251,1920,6
"799",-1.01148968304906,1920,7
"800",-3.64473280648516,1920,8
"801",-3.18141674523527,1920,9
"802",-1.20922201723034,1920,10
"803",0.930707063618737,1920,11
"804",-1.35562413177768,1920,12
"805",-2.1146754439571,1921,1
"806",-1.26203899616995,1921,2
"807",0.0053657753096983,1921,3
"808",-1.32505495442234,1921,4
"809",-1.38658461507769,1921,5
"810",-1.70653984237388,1921,6
"811",-0.858704899273872,1921,7
"812",-0.73257997623966,1921,8
"813",0.403716849648044,1921,9
"814",-0.245627403494457,1921,10
"815",-0.492565607420159,1921,11
"816",-0.00878696275521802,1921,12
"817",0.455120186163409,1922,1
"818",0.62327425644214,1922,2
"819",0.147567434353986,1922,3
"820",0.0131882795665693,1922,4
"821",-1.20373459153095,1922,5
"822",-0.916797734529212,1922,6
"823",-0.734688426874843,1922,7
"824",-0.766092816471989,1922,8
"825",-0.551065075680561,1922,9
"826",0.0100966335487634,1922,10
"827",-0.153071886124407,1922,11
"828",0.642877308119823,1922,12
"829",0.531841920062423,1923,1
"830",-0.735987273586803,1923,2
"831",0.215088007013542,1923,3
"832",-0.196017665762163,1923,4
"833",0.139132523310779,1923,5
"834",-0.344882853489197,1923,6
"835",-1.01818028627221,1923,7
"836",-0.181859552339509,1923,8
"837",0.439741774293886,1923,9
"838",-0.79457177136491,1923,10
"839",-0.864725781256532,1923,11
"840",0.162572699813457,1923,12
"841",-0.378952487494669,1924,1
"842",-1.02622399458696,1924,2
"843",-0.56764786594209,1924,3
"844",-0.218549109505971,1924,4
"845",-0.235922187702164,1924,5
"846",-0.360786076737035,1924,6
"847",-0.194319640110074,1924,7
"848",0.1023556085666,1924,8
"849",-1.39139990402146,1924,9
"850",-1.56857843784143,1924,10
"851",-0.65804077636159,1924,11
"852",-0.137393096877669,1924,12
"853",-0.970548947487429,1925,1
"854",-0.38380403871419,1925,2
"855",0.276018657325098,1925,3
"856",-0.536841645451302,1925,4
"857",0.137375141700118,1925,5
"858",-0.159439357122403,1925,6
"859",-0.392600802996796,1925,7
"860",-0.53731480403883,1925,8
"861",0.996865913908201,1925,9
"862",1.18035196545055,1925,10
"863",1.87307120088111,1925,11
"864",-0.665860381901958,1925,12
"865",-0.115178025982101,1926,1
"866",0.190756669183848,1926,2
"867",0.127332934649879,1926,3
"868",0.415059067590565,1926,4
"869",0.979037254057736,1926,5
"870",1.35482698955747,1926,6
"871",1.92624183696497,1926,7
"872",2.59693343278042,1926,8
"873",2.69806306214553,1926,9
"874",2.72485928323956,1926,10
"875",2.76247328029467,1926,11
"876",4.02609416431876,1926,12
"877",1.4925428526991,1927,1
"878",0.446178632478852,1927,2
"879",-0.00807958128342584,1927,3
"880",-0.101469040387073,1927,4
"881",-0.962851212847463,1927,5
"882",-0.84198846919916,1927,6
"883",-0.322201869342961,1927,7
"884",-0.606781766361186,1927,8
"885",-0.383085644334885,1927,9
"886",-0.0709790719105553,1927,10
"887",-0.313248894933096,1927,11
"888",1.41809849959501,1927,12
"889",0.321246653540416,1928,1
"890",-0.0127577936037366,1928,2
"891",-0.045883873011382,1928,3
"892",-0.399733959582765,1928,4
"893",-0.194329461876642,1928,5
"894",-0.0606837564503202,1928,6
"895",-0.777553511415368,1928,7
"896",-1.23864121313834,1928,8
"897",-1.66429175371633,1928,9
"898",-1.01925938478321,1928,10
"899",-0.340520983733089,1928,11
"900",-0.582841607317992,1928,12
"901",1.21388755346534,1929,1
"902",1.81433636566487,1929,2
"903",0.170417627358085,1929,3
"904",0.372808431771652,1929,4
"905",-0.60501035789471,1929,5
"906",0.188276853439023,1929,6
"907",-0.839853632849931,1929,7
"908",-0.52738843998062,1929,8
"909",0.652540748106951,1929,9
"910",-0.367387163668576,1929,10
"911",-0.724848653667382,1929,11
"912",0.0319545862996432,1929,12
"913",1.14641055872002,1930,1
"914",-0.952569607254072,1930,2
"915",-0.739260608071905,1930,3
"916",-1.22733798539284,1930,4
"917",-0.936933224078695,1930,5
"918",-0.606934792560864,1930,6
"919",-0.377756070104276,1930,7
"920",-1.05547839780116,1930,8
"921",0.346565498399046,1930,9
"922",0.97116595486852,1930,10
"923",0.469893373736928,1930,11
"924",0.187497595743861,1930,12
"925",0.238009059964134,1931,1
"926",-0.00166076150050509,1931,2
"927",-0.00439140306632052,1931,3
"928",-1.00563558506372,1931,4
"929",-0.526607311828776,1931,5
"930",-0.70937153115838,1931,6
"931",-0.307355292165908,1931,7
"932",-0.253490437942201,1931,8
"933",0.305057716123578,1931,9
"934",-0.546844764226274,1931,10
"935",0.0449866957831471,1931,11
"936",-0.267847082951133,1931,12
"937",-0.351100305522652,1932,1
"938",0.567059621560304,1932,2
"939",-0.253293520922697,1932,3
"940",-0.88936994518091,1932,4
"941",-0.667629552594698,1932,5
"942",0.496194471684587,1932,6
"943",0.0901716570503757,1932,7
"944",0.251968125196203,1932,8
"945",0.15703487873071,1932,9
"946",1.67615825091594,1932,10
"947",0.738886079366736,1932,11
"948",0.840314965987143,1932,12
"949",1.38275543004604,1933,1
"950",-0.0839777142633135,1933,2
"951",-0.691347245908959,1933,3
"952",-0.261740039669612,1933,4
"953",-0.781364429354579,1933,5
"954",-1.32549472370236,1933,6
"955",-1.16394508458895,1933,7
"956",-1.73642982464731,1933,8
"957",-1.64004310790638,1933,9
"958",-1.49848788736101,1933,10
"959",-1.62693049220343,1933,11
"960",-1.33248285817038,1933,12
"961",-1.91767524011448,1934,1
"962",0.220636132108484,1934,2
"963",0.287936476509641,1934,3
"964",-0.677861705647731,1934,4
"965",-0.966078953128911,1934,5
"966",-0.370791790932729,1934,6
"967",-0.884407820597113,1934,7
"968",-0.585848339523774,1934,8
"969",0.242533586620808,1934,9
"970",-0.823400030283263,1934,10
"971",-1.05446947194388,1934,11
"972",-0.997369885198404,1934,12
"973",-0.0578140700741634,1935,1
"974",-0.269109489119422,1935,2
"975",0.270877143431196,1935,3
"976",-0.21002358328267,1935,4
"977",-0.590774880461394,1935,5
"978",0.354547093957144,1935,6
"979",0.953345517633374,1935,7
"980",0.378416240785411,1935,8
"981",1.22278630952404,1935,9
"982",1.41246973068335,1935,10
"983",1.61600765487973,1935,11
"984",1.61005375159807,1935,12
"985",-0.0591636816288262,1936,1
"986",0.328459653447447,1936,2
"987",0.298895851465692,1936,3
"988",-0.0409074896499083,1936,4
"989",-0.640318985952512,1936,5
"990",-0.115378008155148,1936,6
"991",0.312941957531182,1936,7
"992",0.910657337320659,1936,8
"993",1.34079643741809,1936,9
"994",1.85382502217152,1936,10
"995",1.54679971792658,1936,11
"996",2.67188964269695,1936,12
"997",0.886486464002737,1937,1
"998",1.30371138857214,1937,2
"999",0.328611847111527,1937,3
"1000",-0.164595512805264,1937,4
"1001",-0.901242712783512,1937,5
"1002",-0.230508981186045,1937,6
"1003",0.35850785381141,1937,7
"1004",0.438830100686219,1937,8
"1005",1.74967238051626,1937,9
"1006",0.702505539987341,1937,10
"1007",0.854493241703942,1937,11
"1008",-1.2966940257866,1937,12
"1009",-0.369688353458503,1938,1
"1010",-1.55421496372425,1938,2
"1011",-1.32319863740426,1938,3
"1012",-1.59883172226281,1938,4
"1013",-1.78936204926699,1938,5
"1014",-1.15236110250053,1938,6
"1015",-0.741696924074834,1938,7
"1016",0.110324150128864,1938,8
"1017",-1.01342104867879,1938,9
"1018",-1.34210503204258,1938,10
"1019",-1.79520749753743,1938,11
"1020",-1.06779791885174,1938,12
"1021",-1.76102882860589,1939,1
"1022",-0.666668623095648,1939,2
"1023",-0.309659652683348,1939,3
"1024",-0.407570747350472,1939,4
"1025",-0.057310074641504,1939,5
"1026",-0.0812931568156584,1939,6
"1027",-0.942989728256616,1939,7
"1028",-1.68799259724909,1939,8
"1029",-1.7784015505614,1939,9
"1030",-1.73648152678474,1939,10
"1031",-1.03401523190528,1939,11
"1032",-1.79354681846987,1939,12
"1033",-0.502192510416417,1940,1
"1034",-1.29931801541303,1940,2
"1035",-0.760245435639076,1940,3
"1036",-0.0749040785753891,1940,4
"1037",-0.189492674479075,1940,5
"1038",0.610533405275196,1940,6
"1039",-0.152519002868192,1940,7
"1040",-0.772030916176169,1940,8
"1041",-1.02944642429938,1940,9
"1042",-0.615713911800956,1940,10
"1043",0.321816651190695,1940,11
"1044",-0.107314576002463,1940,12
"1045",0.222075921700404,1941,1
"1046",1.50121284929975,1941,2
"1047",0.447237045713379,1941,3
"1048",1.16302619422906,1941,4
"1049",0.288560989476801,1941,5
"1050",0.602762266583606,1941,6
"1051",1.84571174555437,1941,7
"1052",1.85257071834418,1941,8
"1053",1.86133470963981,1941,9
"1054",2.16716786728646,1941,10
"1055",2.1325790367221,1941,11
"1056",1.84448971421682,1941,12
"1057",1.1383652482099,1942,1
"1058",1.56306451748895,1942,2
"1059",0.906797109155631,1942,3
"1060",0.650770754509425,1942,4
"1061",0.614407646853817,1942,5
"1062",0.562701322272403,1942,6
"1063",0.605922467811426,1942,7
"1064",1.64269940636582,1942,8
"1065",1.6943478926088,1942,9
"1066",1.72518833549795,1942,10
"1067",1.40013935375879,1942,11
"1068",-0.00120959521796147,1942,12
"1069",-1.25943584694687,1943,1
"1070",-0.683078796792493,1943,2
"1071",-0.243236855035369,1943,3
"1072",-0.817891945845834,1943,4
"1073",-1.16189974336199,1943,5
"1074",0.798081962340977,1943,6
"1075",-0.0774746170909422,1943,7
"1076",-1.04011004930124,1943,8
"1077",-1.34245164103067,1943,9
"1078",-1.10103408337287,1943,10
"1079",-0.728875624611353,1943,11
"1080",-0.0909878984500495,1943,12
"1081",0.201972504699741,1944,1
"1082",0.332717170928722,1944,2
"1083",-0.230765570907821,1944,3
"1084",-0.365512124838374,1944,4
"1085",-0.809747970243744,1944,5
"1086",-0.129834998958565,1944,6
"1087",0.255359834871924,1944,7
"1088",0.39788018162944,1944,8
"1089",-0.40485780690281,1944,9
"1090",-0.374636920606516,1944,10
"1091",0.106649142598095,1944,11
"1092",1.65302578507357,1944,12
"1093",1.13048975129573,1945,1
"1094",0.254861773971015,1945,2
"1095",0.49268899606568,1945,3
"1096",0.523496254234667,1945,4
"1097",-0.00622895883197259,1945,5
"1098",0.91714330971631,1945,6
"1099",0.867249674912236,1945,7
"1100",0.466945628936385,1945,8
"1101",0.222935236521238,1945,9
"1102",1.06234239481673,1945,10
"1103",0.445904072137839,1945,11
"1104",1.01251934735449,1945,12
"1105",0.276159681522945,1946,1
"1106",-0.387391585183706,1946,2
"1107",0.765691139425177,1946,3
"1108",2.199235667825,1946,4
"1109",-0.462069618142167,1946,5
"1110",-0.846518815169061,1946,6
"1111",-1.95653929881592,1946,7
"1112",-0.495442512491172,1946,8
"1113",-0.411736160441942,1946,9
"1114",0.165921709543369,1946,10
"1115",0.320932714333355,1946,11
"1116",0.574055520384371,1946,12
"1117",-0.332578465303238,1947,1
"1118",-1.40593943023914,1947,2
"1119",-0.894713676624626,1947,3
"1120",-0.536632253379881,1947,4
"1121",-0.883890555861407,1947,5
"1122",1.08789448919852,1947,6
"1123",-0.145079528574619,1947,7
"1124",-0.648314638658613,1947,8
"1125",-0.701033926881441,1947,9
"1126",1.5062090640928,1947,10
"1127",0.160966972012031,1947,11
"1128",-2.36899127144144,1947,12
"1129",-0.995364927467888,1948,1
"1130",-0.946438069597472,1948,2
"1131",0.0617075712384193,1948,3
"1132",-0.327738698793656,1948,4
"1133",-0.689959024642234,1948,5
"1134",0.792938852922467,1948,6
"1135",-0.341674387949431,1948,7
"1136",-0.523546836754659,1948,8
"1137",-0.426572262725873,1948,9
"1138",-1.94352122764975,1948,10
"1139",-0.752941052612813,1948,11
"1140",0.960500121852377,1948,12
"1141",0.0950028726199385,1949,1
"1142",0.115761231020597,1949,2
"1143",-0.115210337173746,1949,3
"1144",-0.306794501680762,1949,4
"1145",-0.952389139660642,1949,5
"1146",-0.913385873848492,1949,6
"1147",-0.297339353498878,1949,7
"1148",-0.848624203752231,1949,8
"1149",-0.884668558748847,1949,9
"1150",-1.99886659620372,1949,10
"1151",-0.977586303558006,1949,11
"1152",-1.16738923575872,1949,12
"1153",-0.826211647443357,1950,1
"1154",-0.699381003141753,1950,2
"1155",-0.494639233520769,1950,3
"1156",-0.684554103867441,1950,4
"1157",-0.563990131264969,1950,5
"1158",-0.602120062304301,1950,6
"1159",-0.678303258628827,1950,7
"1160",-0.444101099750791,1950,8
"1161",0.687204547209699,1950,9
"1162",-0.0777688606356939,1950,10
"1163",-1.49700227730706,1950,11
"1164",-1.53195656135356,1950,12
"1165",-1.12877591769374,1951,1
"1166",-1.29127160687347,1951,2
"1167",-1.04222109190973,1951,3
"1168",-1.28457339469065,1951,4
"1169",-1.5041088475077,1951,5
"1170",-1.10068122086051,1951,6
"1171",-0.448565768641059,1951,7
"1172",-0.140634903237303,1951,8
"1173",-0.645327360206415,1951,9
"1174",0.38058221329001,1951,10
"1175",0.00113926628582774,1951,11
"1176",-0.301506966900137,1951,12
"1177",-0.808578925444352,1952,1
"1178",-0.626657405413477,1952,2
"1179",-0.932380570991568,1952,3
"1180",-0.588269581764626,1952,4
"1181",-1.60052091900285,1952,5
"1182",-1.65272772111077,1952,6
"1183",-2.07850047259515,1952,7
"1184",-1.83708805904793,1952,8
"1185",-0.834877095693129,1952,9
"1186",0.251778753663627,1952,10
"1187",-0.739745954286083,1952,11
"1188",-0.790148462617952,1952,12
"1189",-1.03642666657416,1953,1
"1190",-0.991807558182461,1953,2
"1191",-0.655937868721701,1953,3
"1192",-0.548326196809073,1953,4
"1193",0.0735681553520443,1953,5
"1194",0.917356618359994,1953,6
"1195",1.41155604301279,1953,7
"1196",0.719119142575265,1953,8
"1197",0.0670980807835793,1953,9
"1198",-0.517373637980207,1953,10
"1199",-0.529019593801979,1953,11
"1200",-1.17739722013861,1953,12
"1201",-1.02563568014269,1954,1
"1202",-0.888612110325702,1954,2
"1203",-1.29191401135902,1954,3
"1204",-0.260541403134334,1954,4
"1205",-0.252324800140534,1954,5
"1206",-0.205367519944156,1954,6
"1207",-0.838726368109224,1954,7
"1208",-0.650571938225806,1954,8
"1209",-0.482097394548742,1954,9
"1210",-0.175860666809842,1954,10
"1211",-0.828212524275119,1954,11
"1212",-0.752965227952659,1954,12
"1213",-1.61462636759871,1955,1
"1214",-0.327767918715094,1955,2
"1215",-0.413134305039184,1955,3
"1216",-0.691443782276741,1955,4
"1217",-0.928711891614133,1955,5
"1218",-1.05002527190107,1955,6
"1219",-1.09892209935797,1955,7
"1220",-0.416663076778076,1955,8
"1221",-0.736655023970949,1955,9
"1222",-1.50342549630728,1955,10
"1223",-1.24092693738177,1955,11
"1224",-1.78902855482219,1955,12
"1225",-1.36077351990098,1956,1
"1226",-1.42922138540281,1956,2
"1227",-1.24877260310775,1956,3
"1228",-1.35034870963692,1956,4
"1229",0.461793272819742,1956,5
"1230",0.000526195286747308,1956,6
"1231",0.199256885281257,1956,7
"1232",0.693253611101591,1956,8
"1233",-0.0217637345115325,1956,9
"1234",-0.464224826689732,1956,10
"1235",-2.45995735045242,1956,11
"1236",-2.25687619664548,1956,12
"1237",-0.921652648463551,1957,1
"1238",-0.562206966057268,1957,2
"1239",-0.170834991468454,1957,3
"1240",-0.0632593039164795,1957,4
"1241",0.852522073880814,1957,5
"1242",0.879327116972859,1957,6
"1243",0.530137051249303,1957,7
"1244",0.584936174590283,1957,8
"1245",0.74039119796387,1957,9
"1246",0.684059816770937,1957,10
"1247",1.02822699103764,1957,11
"1248",0.352342448281694,1957,12
"1249",-0.977940775909413,1958,1
"1250",-0.724114746914664,1958,2
"1251",0.067386960552462,1958,3
"1252",0.806675323199041,1958,4
"1253",0.738679141674475,1958,5
"1254",0.62597151109828,1958,6
"1255",0.0927111899293271,1958,7
"1256",0.268278217634852,1958,8
"1257",0.191854027426524,1958,9
"1258",-0.294165558656121,1958,10
"1259",-1.24968250983358,1958,11
"1260",-1.12422207740828,1958,12
"1261",-0.772324202412614,1959,1
"1262",-0.624107662941711,1959,2
"1263",-0.624013563942185,1959,3
"1264",-0.774901800735973,1959,4
"1265",-0.29573540280703,1959,5
"1266",-0.138286302606976,1959,6
"1267",-0.804678780894354,1959,7
"1268",-0.488002286636095,1959,8
"1269",-0.474852098374707,1959,9
"1270",-0.0526765620287888,1959,10
"1271",-0.346591850570447,1959,11
"1272",-0.312961895911513,1959,12
"1273",-0.793972795115541,1960,1
"1274",-0.98632128404257,1960,2
"1275",-0.562700554589603,1960,3
"1276",-0.606107867616716,1960,4
"1277",-0.41978389930495,1960,5
"1278",0.506853568697268,1960,6
"1279",0.83872740379689,1960,7
"1280",0.519946029893741,1960,8
"1281",-0.346355305501302,1960,9
"1282",0.22841067151181,1960,10
"1283",-0.313302603765316,1960,11
"1284",-0.691807361263425,1960,12
"1285",-0.524353477089183,1961,1
"1286",-0.58315416497772,1961,2
"1287",-0.747550066039561,1961,3
"1288",-0.867157388754761,1961,4
"1289",0.592521210960224,1961,5
"1290",-0.150716813257899,1961,6
"1291",-0.967143771018224,1961,7
"1292",-1.0893907186054,1961,8
"1293",-0.649828258927309,1961,9
"1294",-0.210522451333196,1961,10
"1295",-0.635697440401216,1961,11
"1296",-0.833711093825178,1961,12
"1297",-0.738467553934413,1962,1
"1298",-0.362749996571667,1962,2
"1299",0.106097911942112,1962,3
"1300",-0.578860830895733,1962,4
"1301",-1.06946668890578,1962,5
"1302",-1.25851923454027,1962,6
"1303",-0.243409287675326,1962,7
"1304",-0.254107998083869,1962,8
"1305",-0.504993345717787,1962,9
"1306",-0.809545688937564,1962,10
"1307",-1.00543156093883,1962,11
"1308",-0.869639715493267,1962,12
"1309",0.0497002060617742,1963,1
"1310",-0.325958379543782,1963,2
"1311",-0.607011193015364,1963,3
"1312",-0.602955585586648,1963,4
"1313",-0.278016850975157,1963,5
"1314",-0.461310914132714,1963,6
"1315",-0.991174993740441,1963,7
"1316",-0.799312512258432,1963,8
"1317",0.211045960298079,1963,9
"1318",0.0328260866867748,1963,10
"1319",-0.574748139018858,1963,11
"1320",-0.293512534038628,1963,12
"1321",-0.188434091705843,1964,1
"1322",-0.448490441880143,1964,2
"1323",-0.77396942832345,1964,3
"1324",-0.501171298103058,1964,4
"1325",0.0663583352373218,1964,5
"1326",-0.0142710602931492,1964,6
"1327",-0.138169417775367,1964,7
"1328",-1.19430272752128,1964,8
"1329",-1.31564823296425,1964,9
"1330",-0.651109243706953,1964,10
"1331",-0.370509220634284,1964,11
"1332",-0.961521097777636,1964,12
"1333",-1.0171656562097,1965,1
"1334",-0.973369985985568,1965,2
"1335",-0.453291802359139,1965,3
"1336",-0.00689884230990422,1965,4
"1337",-0.62504498290111,1965,5
"1338",-1.1607512776491,1965,6
"1339",-1.12089188590554,1965,7
"1340",-0.843657723541865,1965,8
"1341",-0.0297962766824807,1965,9
"1342",-0.493479338299316,1965,10
"1343",-0.545314518861821,1965,11
"1344",-0.421357434787044,1965,12
"1345",0.263666174019544,1966,1
"1346",0.213259187134953,1966,2
"1347",-0.28459566880018,1966,3
"1348",-0.411843249641017,1966,4
"1349",0.236066205383412,1966,5
"1350",-0.0745587621957434,1966,6
"1351",-0.315892575000227,1966,7
"1352",-0.154539503215377,1966,8
"1353",-0.438425029808354,1966,9
"1354",-0.656278550674934,1966,10
"1355",-0.573347878184886,1966,11
"1356",-0.410530752947867,1966,12
"1357",-0.67215732138165,1967,1
"1358",-0.431903424196882,1967,2
"1359",0.226232448733484,1967,3
"1360",0.895510017134385,1967,4
"1361",1.79651328234396,1967,5
"1362",1.44637364356351,1967,6
"1363",0.76954779203222,1967,7
"1364",0.951988634693746,1967,8
"1365",0.937328394501606,1967,9
"1366",0.535521360365186,1967,10
"1367",0.13745255273213,1967,11
"1368",-0.465824021859289,1967,12
"1369",-0.504592763863208,1968,1
"1370",-0.914486256784889,1968,2
"1371",-0.488883894466928,1968,3
"1372",-0.141358926761804,1968,4
"1373",-0.0615211150328696,1968,5
"1374",0.0691714031143726,1968,6
"1375",0.200934180766645,1968,7
"1376",-0.301389258134966,1968,8
"1377",-0.0740160374612563,1968,9
"1378",-0.550649602385931,1968,10
"1379",-0.892513873332215,1968,11
"1380",-0.860971619299406,1968,12
"1381",-0.170917061662131,1969,1
"1382",-0.175016105757188,1969,2
"1383",-0.240299236987247,1969,3
"1384",-0.363556040667274,1969,4
"1385",0.0896031869991255,1969,5
"1386",-0.157362858965093,1969,6
"1387",0.880680063088398,1969,7
"1388",0.798562549008723,1969,8
"1389",0.480946598446976,1969,9
"1390",0.345932193386643,1969,10
"1391",-0.116582752545443,1969,11
"1392",-0.127096247887522,1969,12
"1393",0.00223492919965961,1970,1
"1394",-0.0411731623818687,1970,2
"1395",0.14588348671873,1970,3
"1396",0.269836265678481,1970,4
"1397",-0.275149182511171,1970,5
"1398",0.176602443416527,1970,6
"1399",-0.6537580692834,1970,7
"1400",-1.17254831235769,1970,8
"1401",-0.435565890003924,1970,9
"1402",-0.0357168023473422,1970,10
"1403",0.140210809511576,1970,11
"1404",0.608025508476742,1970,12
"1405",-0.755386438568647,1971,1
"1406",-1.105081839548,1971,2
"1407",-1.04501968366238,1971,3
"1408",-1.30596901138163,1971,4
"1409",-2.07429874542222,1971,5
"1410",-2.42979467656447,1971,6
"1411",-2.54624314797345,1971,7
"1412",-2.05016073642314,1971,8
"1413",-1.56414187757379,1971,9
"1414",-1.21596624370431,1971,10
"1415",-1.29266369814649,1971,11
"1416",-0.929291797106485,1971,12
"1417",-1.02719439595116,1972,1
"1418",-1.41161888117345,1972,2
"1419",-1.37952445299043,1972,3
"1420",-1.57542340939452,1972,4
"1421",-1.51729827465199,1972,5
"1422",-1.99618614374462,1972,6
"1423",-1.41387576422666,1972,7
"1424",-1.03576676324126,1972,8
"1425",-1.34335938941708,1972,9
"1426",-1.65312771955211,1972,10
"1427",-0.965820119396023,1972,11
"1428",-0.569905383892691,1972,12
"1429",-0.571411756787374,1973,1
"1430",-0.508304261344835,1973,2
"1431",-0.630186880003974,1973,3
"1432",-0.651266214057284,1973,4
"1433",-0.702108815678165,1973,5
"1434",-1.11397999315345,1973,6
"1435",-1.25798718519258,1973,7
"1436",-0.690417077367796,1973,8
"1437",-0.438352440824415,1973,9
"1438",-0.799149302490078,1973,10
"1439",-0.35614027445963,1973,11
"1440",-0.121283436192335,1973,12
"1441",0.368905069537816,1974,1
"1442",-1.04008840620529,1974,2
"1443",-0.943210166453053,1974,3
"1444",-0.813372873586492,1974,4
"1445",-0.25677070619289,1974,5
"1446",-0.0791842519091529,1974,6
"1447",0.181467018741989,1974,7
"1448",0.329532235295594,1974,8
"1449",0.337074735648312,1974,9
"1450",-0.267563048497395,1974,10
"1451",-0.318534303789488,1974,11
"1452",-0.70824322754446,1974,12
"1453",-0.460926900368844,1975,1
"1454",-0.566110168371828,1975,2
"1455",-0.362821733621391,1975,3
"1456",-0.977046837250068,1975,4
"1457",-1.05047872525532,1975,5
"1458",-1.20687264857313,1975,6
"1459",-1.09102476718099,1975,7
"1460",-0.188705644874957,1975,8
"1461",-1.09880571717398,1975,9
"1462",-0.556504099278457,1975,10
"1463",-1.00901951085239,1975,11
"1464",-1.18861504008781,1975,12
"1465",-0.876744458266307,1976,1
"1466",-1.17549742792016,1976,2
"1467",-1.04920968112135,1976,3
"1468",-1.33317236737139,1976,4
"1469",-1.41475965830654,1976,5
"1470",-1.47622674233488,1976,6
"1471",-1.07827984201654,1976,7
"1472",-0.626840521585081,1976,8
"1473",-0.820987554797718,1976,9
"1474",-0.0853854201931598,1976,10
"1475",-0.201487002544128,1976,11
"1476",-0.58662945897248,1976,12
"1477",-0.083592210612158,1977,1
"1478",0.384490080384376,1977,2
"1479",0.451604117510756,1977,3
"1480",-0.422813712087319,1977,4
"1481",-0.0403049479398089,1977,5
"1482",0.289591616000718,1977,6
"1483",1.19631374017545,1977,7
"1484",1.27930447144781,1977,8
"1485",0.764505616766987,1977,9
"1486",0.173250536982905,1977,10
"1487",-0.352841895070318,1977,11
"1488",-0.317352621460483,1977,12
"1489",0.441265696151604,1978,1
"1490",0.209303800929213,1978,2
"1491",0.669539431727889,1978,3
"1492",1.08473255815597,1978,4
"1493",0.921666823090307,1978,5
"1494",0.407977315353004,1978,6
"1495",-0.455842964398288,1978,7
"1496",-0.43039604989971,1978,8
"1497",-0.100223413637621,1978,9
"1498",0.53882473188825,1978,10
"1499",0.318549748409591,1978,11
"1500",0.333226391366044,1978,12
"1501",1.22127653589097,1979,1
"1502",0.306348438171096,1979,2
"1503",0.59714917298786,1979,3
"1504",1.1564938574627,1979,4
"1505",1.1365972131967,1979,5
"1506",0.997181358075148,1979,6
"1507",0.624699725254053,1979,7
"1508",0.651756545658976,1979,8
"1509",0.59530082366062,1979,9
"1510",0.466693264854056,1979,10
"1511",0.812942393081675,1979,11
"1512",0.634221467418359,1979,12
"1513",-0.717696781216665,1980,1
"1514",-0.848096105172633,1980,2
"1515",0.147098187524366,1980,3
"1516",0.257095243151794,1980,4
"1517",-0.0212517194040491,1980,5
"1518",-0.268416844881818,1980,6
"1519",-0.898144609185245,1980,7
"1520",-0.473686352264844,1980,8
"1521",-0.704768880771141,1980,9
"1522",-0.427619883108243,1980,10
"1523",-0.249362621116772,1980,11
"1524",-0.43994257760732,1980,12
"1525",-0.493136313551261,1981,1
"1526",-0.0734050849354764,1981,2
"1527",0.313210109878962,1981,3
"1528",1.9022059826859,1981,4
"1529",1.58931514112384,1981,5
"1530",1.57584951879834,1981,6
"1531",0.826097975247794,1981,7
"1532",0.735552426593031,1981,8
"1533",0.853789563415051,1981,9
"1534",0.786714771531147,1981,10
"1535",0.168140218383511,1981,11
"1536",-0.0157810155819792,1981,12
"1537",0.0590500844234389,1982,1
"1538",0.499440564096807,1982,2
"1539",0.257596582619655,1982,3
"1540",-0.359225150711549,1982,4
"1541",-0.224391854656419,1982,5
"1542",-0.667196214656302,1982,6
"1543",-1.85140119377296,1982,7
"1544",-1.29492743906442,1982,8
"1545",-1.1346574384596,1982,9
"1546",-0.787887997369661,1982,10
"1547",-0.856340688561903,1982,11
"1548",-0.0849828624953363,1982,12
"1549",-0.522277334922561,1983,1
"1550",-0.455218759660509,1983,2
"1551",0.613387784249813,1983,3
"1552",0.813843367084616,1983,4
"1553",1.02406307201816,1983,5
"1554",1.23305472902237,1983,6
"1555",1.48778161932962,1983,7
"1556",0.504927358669239,1983,8
"1557",0.644022804034588,1983,9
"1558",0.0688813579453626,1983,10
"1559",0.088362367770749,1983,11
"1560",1.06813390878522,1983,12
"1561",1.00336727929431,1984,1
"1562",-0.278354111445566,1984,2
"1563",-0.152927084223881,1984,3
"1564",-0.0277672749263411,1984,4
"1565",0.0685746269199646,1984,5
"1566",0.736867374682957,1984,6
"1567",0.127455599583605,1984,7
"1568",0.466461673070805,1984,8
"1569",0.164473998173013,1984,9
"1570",0.41540694498301,1984,10
"1571",0.367593802921747,1984,11
"1572",0.915838465330503,1984,12
"1573",1.21435790344979,1985,1
"1574",1.235807123739,1985,2
"1575",0.352025171146737,1985,3
"1576",-0.679339737363493,1985,4
"1577",-0.504556351698221,1985,5
"1578",-1.28736663945777,1985,6
"1579",-0.920172283957148,1985,7
"1580",-0.895797237194059,1985,8
"1581",-0.730250535864514,1985,9
"1582",-0.478837268911853,1985,10
"1583",0.0689967271248952,1985,11
"1584",0.296414397788988,1985,12
"1585",0.629083011013161,1986,1
"1586",0.556029502384049,1986,2
"1587",-0.352309030005379,1986,3
"1588",0.29585252269174,1986,4
"1589",-0.189362053734268,1986,5
"1590",-0.641256280144282,1986,6
"1591",-0.96132044808713,1986,7
"1592",-0.901084676252922,1986,8
"1593",-0.500985508572323,1986,9
"1594",0.35911524212641,1986,10
"1595",1.0092192297476,1986,11
"1596",1.44396632394294,1986,12
"1597",0.419650744256711,1987,1
"1598",0.547375160206722,1987,2
"1599",1.11530109163588,1987,3
"1600",1.13323357419822,1987,4
"1601",0.849626972747216,1987,5
"1602",0.374942894858294,1987,6
"1603",0.132752019092066,1987,7
"1604",0.78786640228359,1987,8
"1605",0.987722801800922,1987,9
"1606",0.00483122601198966,1987,10
"1607",0.269018597027509,1987,11
"1608",-0.0804115395291895,1987,12
"1609",0.778790879500688,1988,1
"1610",0.974093828872091,1988,2
"1611",-0.195971038856262,1988,3
"1612",0.217052074227017,1988,4
"1613",0.276695378144571,1988,5
"1614",-0.35171043138637,1988,6
"1615",0.0485891420064442,1988,7
"1616",0.433128437194561,1988,8
"1617",0.124844169086797,1988,9
"1618",0.500797889411252,1988,10
"1619",0.172493581857143,1988,11
"1620",-0.644808521268875,1988,12
"1621",-0.534301912442965,1989,1
"1622",-0.0557320027927604,1989,2
"1623",-0.127273063254629,1989,3
"1624",0.474934698663791,1989,4
"1625",0.290514461936077,1989,5
"1626",-0.0361189500974381,1989,6
"1627",0.133819949473885,1989,7
"1628",0.3501404661347,1989,8
"1629",0.460007327873925,1989,9
"1630",0.294304512593654,1989,10
"1631",0.233049621291349,1989,11
"1632",-0.399335005968434,1989,12
"1633",-0.0539838278637237,1990,1
"1634",-0.454105112063663,1990,2
"1635",-0.400184925869197,1990,3
"1636",0.461553386808994,1990,4
"1637",0.486631143488322,1990,5
"1638",0.311683606849877,1990,6
"1639",0.0944563795065547,1990,7
"1640",0.123732856150864,1990,8
"1641",-0.26984659157275,1990,9
"1642",-0.244235704725813,1990,10
"1643",0.195333430411384,1990,11
"1644",0.108165280587169,1990,12
"1645",0.41283272531152,1991,1
"1646",-0.902005480311213,1991,2
"1647",-0.201452673294918,1991,3
"1648",-0.373961152580719,1991,4
"1649",-0.37456661491958,1991,5
"1650",0.147410262765699,1991,6
"1651",0.884161698327862,1991,7
"1652",0.637206678741755,1991,8
"1653",0.74181813157197,1991,9
"1654",0.765431112190136,1991,10
"1655",1.09085421167683,1991,11
"1656",0.00478431630519623,1991,12
"1657",0.018274052859859,1992,1
"1658",-0.415288405629535,1992,2
"1659",-0.699808826858437,1992,3
"1660",-0.211986677572934,1992,4
"1661",0.333999043501834,1992,5
"1662",0.350531407472281,1992,6
"1663",-0.665426255449761,1992,7
"1664",-0.211464010346298,1992,8
"1665",-0.376671858623739,1992,9
"1666",-0.384996788168457,1992,10
"1667",0.0882288508119643,1992,11
"1668",-0.894131175796866,1992,12
"1669",-0.277083073824639,1993,1
"1670",-0.530218754609132,1993,2
"1671",0.291898044181847,1993,3
"1672",1.23955799684151,1993,4
"1673",1.04537332202368,1993,5
"1674",0.407430841890857,1993,6
"1675",0.571172859048399,1993,7
"1676",1.09613793996464,1993,8
"1677",0.48082616606517,1993,9
"1678",0.20546359607325,1993,10
"1679",0.997211833486129,1993,11
"1680",0.612376548298874,1993,12
"1681",0.146093520150035,1994,1
"1682",1.2799355961664,1994,2
"1683",0.246416972230044,1994,3
"1684",0.520315461206128,1994,4
"1685",0.614439422390215,1994,5
"1686",0.5048935072386,1994,6
"1687",-0.253404098449714,1994,7
"1688",-0.653429277616218,1994,8
"1689",-0.164241276085256,1994,9
"1690",-0.0324066401604807,1994,10
"1691",-0.0138296721229467,1994,11
"1692",-0.320614685985712,1994,12
"1693",-0.424131768316438,1995,1
"1694",-0.408617842499878,1995,2
"1695",-0.442579601055078,1995,3
"1696",-0.496185189762319,1995,4
"1697",-0.105145370889991,1995,5
"1698",-0.0727316836234528,1995,6
"1699",0.0390236702962276,1995,7
"1700",1.04696711590814,1995,8
"1701",1.12991353465155,1995,9
"1702",0.417129497666378,1995,10
"1703",-0.196392810299718,1995,11
"1704",0.0795141770144333,1995,12
"1705",0.534746385595755,1996,1
"1706",0.417952619993708,1996,2
"1707",1.10287427736557,1996,3
"1708",0.985610255542325,1996,4
"1709",1.02496159481491,1996,5
"1710",0.209914931816772,1996,6
"1711",0.0937368996386689,1996,7
"1712",-0.0317230181845833,1996,8
"1713",-0.0341792954701764,1996,9
"1714",-0.0714577979930384,1996,10
"1715",0.15964469327169,1996,11
"1716",0.189578601484942,1996,12
"1717",-0.130374471749472,1997,1
"1718",-0.0179041749676183,1997,2
"1719",-0.344515319244605,1997,3
"1720",-0.179559927885837,1997,4
"1721",0.930406528703407,1997,5
"1722",1.52377924672254,1997,6
"1723",1.60831936862238,1997,7
"1724",1.27869028108292,1997,8
"1725",0.824788051091609,1997,9
"1726",0.333198074058886,1997,10
"1727",0.157016274429396,1997,11
"1728",-0.162008739826449,1997,12
"1729",-0.904264782184869,1998,1
"1730",-0.731375179891873,1998,2
"1731",1.30076720929814,1998,3
"1732",1.1609447575081,1998,4
"1733",0.369601392828556,1998,5
"1734",-0.150606248217324,1998,6
"1735",1.19339209420585,1998,7
"1736",0.787050460525138,1998,8
"1737",-0.159427746625753,1998,9
"1738",-0.234817313893648,1998,10
"1739",0.787567592761095,1998,11
"1740",0.355322550249953,1998,12
"1741",-0.0599992451952208,1999,1
"1742",-0.670061218160728,1999,2
"1743",-0.844842072762873,1999,3
"1744",-1.06188029327371,1999,4
"1745",-1.26466719529736,1999,5
"1746",-0.620704711734698,1999,6
"1747",-0.154807956607052,1999,7
"1748",-0.880328192257612,1999,8
"1749",-0.544999059698765,1999,9
"1750",-0.745643403133492,1999,10
"1751",-1.11530827554144,1999,11
"1752",-1.56426287639439,1999,12
"1753",-1.88204369203955,2000,1
"1754",-0.887379671807158,2000,2
"1755",-0.117626912696412,2000,3
"1756",0.256724782010276,2000,4
"1757",0.396165933043304,2000,5
"1758",0.694950707197534,2000,6
"1759",0.721350862215582,2000,7
"1760",-0.0552651286388886,2000,8
"1761",-0.339009013863829,2000,9
"1762",-0.240637337726173,2000,10
"1763",0.29132866831437,2000,11
"1764",1.0026692196073,2000,12
"1765",1.79350470162181,2001,1
"1766",2.09441933811439,2001,2
"1767",1.5874636096419,2001,3
"1768",1.73780843123852,2001,4
"1769",1.22405738736399,2001,5
"1770",0.815104218117707,2001,6
"1771",0.253300320998463,2001,7
"1772",0.243138176785202,2001,8
"1773",0.136621871589293,2001,9
"1774",0.206014826771722,2001,10
"1775",-0.204087982419058,2001,11
"1776",-0.370615782855151,2001,12
"1777",-0.626253207906986,2002,1
"1778",-0.703815642056954,2002,2
"1779",0.255647670627318,2002,3
"1780",0.852845325256547,2002,4
"1781",1.54327608598717,2002,5
"1782",1.25100105099568,2002,6
"1783",1.82875905579824,2002,7
"1784",1.42108536715006,2002,8
"1785",0.746429384491782,2002,9
"1786",0.395204448279637,2002,10
"1787",0.715563982885297,2002,11
"1788",0.898782285321307,2002,12
"1789",1.04666135497898,2003,1
"1790",1.19668567222785,2003,2
"1791",1.483665846496,2003,3
"1792",1.36046524222147,2003,4
"1793",1.74052550975776,2003,5
"1794",1.23957829334657,2003,6
"1795",0.969334693654293,2003,7
"1796",1.22630773418516,2003,8
"1797",1.66396531234443,2003,9
"1798",1.46664773737019,2003,10
"1799",1.2096716551592,2003,11
"1800",0.57811037018126,2003,12
"1801",0.000990245279092774,2004,1
"1802",0.224370501605253,2004,2
"1803",0.235053249131344,2004,3
"1804",0.545370768872256,2004,4
"1805",1.16155381368914,2004,5
"1806",1.69826145325488,2004,6
"1807",1.58972639510101,2004,7
"1808",0.629123657499983,2004,8
"1809",0.419302053954943,2004,9
"1810",-0.037388107808642,2004,10
"1811",0.00487224234612198,2004,11
"1812",0.174826251526118,2004,12
"1813",0.803629347009627,2005,1
"1814",0.817056616577099,2005,2
"1815",1.6255766642483,2005,3
"1816",0.759609227445868,2005,4
"1817",1.18029081970793,2005,5
"1818",1.17126658306623,2005,6
"1819",2.35251941862229,2005,7
"1820",1.71447255472626,2005,8
"1821",0.621565244221615,2005,9
"1822",0.438411204821577,2005,10
"1823",-0.0359116907571686,2005,11
"1824",-1.09864737838669,2005,12
"1825",-0.51808462058599,2006,1
"1826",-0.512467059966239,2006,2
"1827",-0.398540146428752,2006,3
"1828",-0.575554367569926,2006,4
"1829",-0.386471177154957,2006,5
"1830",0.368018188843665,2006,6
"1831",0.451904971274592,2006,7
"1832",0.200898017570629,2006,8
"1833",0.0847264233467183,2006,9
"1834",0.497474972003162,2006,10
"1835",0.176564646548503,2006,11
"1836",-0.381092787542308,2006,12
"1837",-0.624800197817997,2007,1
"1838",0.175997060932113,2007,2
"1839",-1.17814988145397,2007,3
"1840",-0.77201841289,2007,4
"1841",-0.970839435001685,2007,5
"1842",-0.030327436207231,2007,6
"1843",0.500222922847364,2007,7
"1844",0.927488776223213,2007,8
"1845",-0.27467455304443,2007,9
"1846",-0.395717214728404,2007,10
"1847",-0.400932202555817,2007,11
"1848",-0.159569107853294,2007,12
"1849",-0.800481898123002,2008,1
"1850",-1.33845351354647,2008,2
"1851",-1.37442266842649,2008,3
"1852",-1.27840510542712,2008,4
"1853",-1.10303226610611,2008,5
"1854",-1.10959855491312,2008,6
"1855",-0.687854028514063,2008,7
"1856",0.0537799069912237,2008,8
"1857",-0.407762726250074,2008,9
"1858",0.115011062433756,2008,10
"1859",-0.734164044724023,2008,11
"1860",-1.22047574136792,2008,12
"1861",-1.46010356485784,2009,1
"1862",-1.3074309996362,2009,2
"1863",-1.21496407696811,2009,3
"1864",-1.6533402534099,2009,4
"1865",-0.767848066879374,2009,5
"1866",-0.389780635765279,2009,6
"1867",-0.649977027749609,2009,7
"1868",-0.752549570529075,2009,8
"1869",-0.427900698835813,2009,9
"1870",0.209456747983472,2009,10
"1871",-0.221318983756348,2009,11
"1872",-0.249767555583936,2009,12
"1873",-0.504798590190643,2010,1
"1874",-0.536968825933478,2010,2
"1875",-1.00894318184224,2010,3
"1876",-1.13699292976698,2010,4
"1877",-0.954052565535998,2010,5
"1878",-1.17487981992872,2010,6
"1879",-0.292292435339541,2010,7
"1880",-0.516029424410723,2010,8
"1881",-0.217419386003912,2010,9
"1882",-0.188024464593828,2010,10
"1883",-0.120296304015586,2010,11
"1884",-0.481839179865756,2010,12
"1885",-0.851474932159883,2011,1
"1886",-0.348259643777516,2011,2
"1887",-0.138455255175295,2011,3
"1888",-0.102551361913449,2011,4
"1889",0.2750074567635,2011,5
"1890",-0.435516998725719,2011,6
"1891",-1.05261761751072,2011,7
"1892",-0.39011246568755,2011,8
"1893",-0.586479051479321,2011,9
"1894",-0.0404540402679457,2011,10
"1895",-0.5059680327745,2011,11
"1896",-0.735674947801113,2011,12
"1897",-1.63500301077316,2012,1
"1898",-1.42770487542532,2012,2
"1899",-1.50762190580506,2012,3
"1900",-1.49720827577723,2012,4
"1901",-1.09991311788363,2012,5
"1902",-0.888755122290541,2012,6
"1903",-0.890737019818455,2012,7
"1904",-1.08440977850979,2012,8
"1905",-1.61762425009682,2012,9
"1906",-1.16562080801307,2012,10
"1907",-1.00115456811499,2012,11
"1908",-1.69648268502998,2012,12
"1909",-1.09430042590807,2013,1
"1910",-0.895609867282906,2013,2
"1911",-0.817030298828076,2013,3
"1912",-0.473559738185689,2013,4
"1913",-0.56911636369209,2013,5
"1914",0.222278380409789,2013,6
"1915",0.119489189280217,2013,7
"1916",0.273736993498882,2013,8
"1917",-0.276596533297103,2013,9
"1918",-0.172630665815559,2013,10
"1919",0.0663376171846104,2013,11
"1920",0.444207772103955,2013,12
"1921",0.548727415708958,2014,1
"1922",0.369370603941776,2014,2
"1923",0.262008004575469,2014,3
"1924",0.936161749924502,2014,4
"1925",1.32035857073793,2014,5
"1926",1.45198427475281,2014,6
"1927",2.24493644267051,2014,7
"1928",2.37617461494444,2014,8
"1929",2.01174341415182,2014,9
"1930",1.12491103632776,2014,10
"1931",0.589262279688912,2014,11
"1932",0.959056741228978,2014,12
"1933",1.65583625964432,2015,1
"1934",1.31565337642819,2015,2
"1935",1.27443780775751,2015,3
"1936",1.26263652493542,2015,4
"1937",1.50052217277629,2015,5
"1938",1.54585798376524,2015,6
"1939",1.09923791690723,2015,7
"1940",0.975824563434932,2015,8
"1941",0.839033473155751,2015,9
"1942",1.08686442839523,2015,10
"1943",1.24043288675538,2015,11
"1944",1.40954023009688,2015,12
"1945",1.17100944693885,2016,1
"1946",1.59469922863042,2016,2
"1947",1.28374815261662,2016,3
"1948",1.62896795279703,2016,4
"1949",2.53295205536209,2016,5
"1950",2.85858935431517,2016,6
"1951",3.22421422104162,2016,7
"1952",2.80123468157663,2016,8
"1953",2.74620988569389,2016,9
"1954",2.51724761394495,2016,10
"1955",1.81010368920069,2016,11
"1956",1.29416255603277,2016,12
"1957",1.02263486957963,2017,1
"1958",0.556772742197667,2017,2
"1959",0.14694804055294,2017,3
"1960",0.482926121124632,2017,4
"1961",0.98139484704929,2017,5
"1962",1.35770189903555,2017,6
"1963",1.40838305825441,2017,7
"1964",1.19681868522964,2017,8
"1965",0.0453703670611026,2017,9
"1966",0.892537283020482,2017,10
"1967",0.666072476391188,2017,11
"1968",0.337787802824298,2017,12
"1969",0.76402615087062,2018,1
"1970",0.909865377549139,2018,2
"1971",0.76282029301962,2018,3
"1972",1.04469419379953,2018,4
"1973",1.46455187105686,2018,5
"1974",1.4586598533151,2018,6
"1975",0.98088245872218,2018,7
"1976",0.587279426062609,2018,8
"1977",1.27846580651309,2018,9
"1978",1.79290597437915,2018,10
"1979",1.53978029002451,2018,11
"1980",0.718032815478002,2018,12
"1981",0.170963708160843,2019,1
"1982",1.12768776914705,2019,2
"1983",1.51920214182374,2019,3
"1984",1.89865897176394,2019,4
"1985",2.31044844768669,2019,5
"1986",2.3286958757059,2019,6
"1987",2.61029900827761,2019,7
"1988",2.76656341903447,2019,8
"1989",2.05405415394529,2019,9
"1990",1.5903358271108,2019,10
"1991",1.50575196809211,2019,11
"1992",0.879968710731579,2019,12
"1993",-0.0230064671600501,2020,1
"1994",-0.548041929741785,2020,2
"1995",-0.48933811609167,2020,3
"1996",0.628544747741881,2020,4
"1997",1.69357312140288,2020,5
"1998",1.80018623898999,2020,6
"1999",2.00631598007027,2020,7
"2000",1.91897651861086,2020,8
"2001",0.926411544014526,2020,9
"2002",0.994806935129943,2020,10
"2003",0.838959845746,2020,11
"2004",0.789064766008389,2020,12
"2005",0.0581578782052475,2021,1
"2006",0.287056550231242,2021,2
"2007",0.291550964722817,2021,3
"2008",0.118915579373771,2021,4
"2009",0.56069478246191,2021,5
"2010",1.02707091592048,2021,6
"2011",1.06774208146179,2021,7
"2012",1.24140288006522,2021,8
"2013",1.15742726856703,2021,9
"2014",-0.175480362121695,2021,10
"2015",-1.17480446223257,2021,11
"2016",-1.80587702022143,2021,12
"2017",-1.37204450658042,2022,1
"2018",-0.833463511969365,2022,2
"2019",-0.416156364345883,2022,3
"2020",-0.53172027640743,2022,4
"2021",-0.000871973789361632,2022,5
"2022",0.469991891851591,2022,6
"2023",0.251498972833995,2022,7
"2024",-0.389497895971393,2022,8
"2025",-0.157800384234292,2022,9
"2026",-0.217428472414688,2022,10
"2027",-0.599326249671476,2022,11
"2028",-0.255534819758401,2022,12
"2029",-0.127902481299076,2023,1
"2030",0.0950354878307998,2023,2
"2031",-0.149346306522017,2023,3
"2032",-0.455068243661715,2023,4
"2033",-0.626715160958456,2023,5
"2034",-0.565693677624141,2023,6
"2035",-0.0232203682395586,2023,7
"2036",0.322860475967749,2023,8
"2037",0.05702725783053,2023,9
"2038",0.43836983927214,2023,10
"2039",0.456351994418917,2023,11
"2040",0.183266099128884,2023,12
"2041",0.161366629999714,2024,1
"2042",-0.00427028097281608,2024,2
"2043",-0.278560876228207,2024,3
"2044",-0.446878092947482,2024,4
"2045",-0.229681147337477,2024,5
"2046",-0.460321672869182,2024,6
"2047",-0.89306086492755,2024,7
"2048",-1.15495647806728,2024,8
