"lon","lat","beta","pval"
111,21,0.0627462122580884,0.0210491833149787
113,21,0.000970780299720683,0.969187467323602
113,23,0.00789348777830255,0.819552627377896
115,21,0.00678874279367103,0.841404580359373
115,23,-0.0192965295473371,0.522375436330057
117,21,-0.0183518731310245,0.556366833135761
117,23,0.0245876358528112,0.473609749066098
117,25,0.0679825372396343,0.0410984054986829
117,39,-0.0293890849731458,0.399689073768775
119,21,0.00374917265277567,0.901873720812985
119,23,0.0207280849971696,0.500514866451771
119,25,-0.0590473436389505,0.0422952368044791
119,27,0.037176285206971,0.244812408588727
119,35,-0.00462655681466976,0.883652975726434
119,37,0.00397393018950022,0.891691360361845
119,39,0.00261991476466628,0.924082764450342
121,21,0.0155196198048922,0.647513100609737
121,23,0.00967674139071383,0.721890689856795
121,25,0.0116973803807467,0.744198762854518
121,27,0.0126169290238909,0.662362557843523
121,29,0.00430355258210921,0.887481184535306
121,31,0.0526818434459553,0.105008509217899
121,33,-0.00971508736357891,0.717597408667568
121,35,0.0335562129132881,0.356943767861165
121,37,0.0845233379902049,0.00152389491723486
121,39,0.0508462083174198,0.056744366177551
121,41,0.088192147933442,0.101705803904856
123,21,-0.0129520560669605,0.64234144532242
123,23,0.0506267327843472,0.108856461631915
123,25,0.0260501682861345,0.453878110053552
123,27,0.0401463815305356,0.215819764229532
123,29,0.0167851190256096,0.581544395302664
123,31,0.0165456537154134,0.59737884944201
123,33,0.00970148903652806,0.754430503980658
123,35,0.0478687390043132,0.0486873227243129
123,37,0.0723820190313097,0.0132833567407735
123,39,0.00588767920053862,0.831787025711543
123,41,0.140002069163121,0.00929830956825897
125,21,0.00338537758155461,0.904007092730804
125,23,0.0215536937857633,0.519784375077346
125,25,0.0336184235554387,0.295012677208397
125,27,0.00438142869901279,0.889990288797346
125,29,0.02799861808319,0.397471934461093
125,31,0.0614183909283462,0.0285493741891768
125,33,0.0325158392026066,0.221821072619679
125,35,-0.00352410965887012,0.919081846866182
125,37,-0.00390972506284864,0.866421161928399
125,39,0.0378069984879984,0.19614634923742
127,21,-0.0122668775823501,0.659411472226236
127,23,-0.0132184781439639,0.663995784327965
127,25,-0.00676040775623502,0.80336510477883
127,27,0.0342610417664806,0.251507496930191
127,29,0.0395615800844138,0.245006651784888
127,31,0.0252370390324518,0.437007404832576
127,33,0.028612557502712,0.399855969012553
127,35,-0.0210512346910025,0.49679477766899
127,37,0.0206914629559557,0.530952354452346
127,39,0.0209175452132284,0.486394806365863
129,21,-0.0139834723559441,0.594096237656994
129,23,0.00154674755038943,0.963394233996441
129,25,-0.0110919413041729,0.698656365759674
129,27,0.0163703669253262,0.534052460159164
129,29,0.0269529665892408,0.380580645617512
129,31,-0.0156700039247032,0.625704871115772
129,33,-0.0278470721065079,0.362476486469977
129,35,0.00149383598908865,0.963009762972309
129,37,0.00493306189771522,0.858422397232355
129,39,0.0180480212041948,0.619909231530144
129,41,0.0172975574786061,0.547604151271713
131,21,0.015549016173831,0.485437932497407
131,23,-0.0361937104966581,0.225230429582803
131,25,0.0111255169039127,0.664288841111834
131,27,-0.0130540818993904,0.616085889307768
131,29,-0.0135362209204671,0.629903565094773
131,31,-0.0267795006853197,0.338461633649357
131,33,-0.0172326359557598,0.626849730464564
131,35,0.0160077703763615,0.57770505188395
131,37,-0.0552173259380174,0.0628411150455306
131,39,0.0348364054206402,0.326921052363145
131,41,0.0106559049636928,0.692179949527256
131,43,-0.024460975691656,0.421209187898234
133,21,0.0114649005635747,0.683315957130644
133,23,-0.0688121539581164,0.0142569690387562
133,25,-0.0158169003290163,0.563937942789188
133,27,-0.0116075970490777,0.631105316812706
133,29,0.0328180606948228,0.183668025439994
133,31,-0.016258791748015,0.473910196756631
133,33,-0.0285611406005142,0.346255112342987
133,35,0.0103369187671066,0.729921302685187
133,37,-0.00796306378194098,0.749994851901919
133,39,0.00284080060872622,0.933737317596447
133,41,0.0386473588727686,0.157829804144031
133,43,0.0053331534391179,0.891187853472461
135,21,-0.0166976119133257,0.588933653460426
135,23,-0.0204861427125349,0.406800006528814
135,25,-0.0296671841310491,0.306669605079435
135,27,-0.0114881486732576,0.681195379228927
135,29,-0.00517400584874434,0.866534917313192
135,31,0.00470575394835519,0.88150771616679
135,33,-0.0409874921533696,0.206547649175361
135,35,0.0133707757467344,0.645509660238587
135,37,0.0229439669220432,0.459400732953009
135,39,0.00463495204331689,0.878313449130612
135,41,0.0315910959783131,0.282317624309749
135,43,0.0150828984242064,0.720334285979098
135,45,-0.0166302201912957,0.578259116100417
135,55,0.0131155916265923,0.626999412111356
137,21,-0.00384820551091608,0.907317453144376
137,23,0.0142683205140492,0.601305955839612
137,25,0.0149548993573082,0.594992057804735
137,27,0.00341633357991952,0.909920063530812
137,29,0.0315446737480463,0.185903662978817
137,31,-0.0189271083819314,0.552739150799619
137,33,-0.0230704440229583,0.362635483265135
137,35,0.0251068591991679,0.409218608397019
137,37,-0.0211884006333551,0.411183991231245
137,39,-0.0207830940887954,0.51695441880264
137,41,0.0195873161113682,0.572352146467867
137,43,-0.00711810980565773,0.731751661377727
137,45,-0.0108435695171562,0.804004510898432
137,47,0.0290262480392128,0.27533393073764
137,53,-0.000989270408172372,0.97065159828957
137,55,-0.0187899745226725,0.442289792559379
137,57,0.0463860543324209,0.182859327539566
139,21,0.0119286698413421,0.680417907050273
139,23,0.0114793816671194,0.643071635624566
139,25,-0.00240441396063893,0.928839659484493
139,27,-0.020193798727579,0.437842164816608
139,29,0.0361399198137782,0.108649930433496
139,31,-0.00933339798270588,0.733933435600768
139,33,-0.0268293930436816,0.28267267742603
139,35,0.0122254368886732,0.70141077809314
139,37,-0.00944470238347291,0.785679547719062
139,39,-0.0302896334029874,0.400014254543802
139,41,0.00943275308506853,0.730412338311874
139,43,0.0344226388136128,0.427933906576652
139,45,0.0551534983181846,0.147276436581664
139,47,0.0360138094302073,0.392992954705518
139,49,0.0262856918589616,0.453839291226348
139,53,-0.00604985879813601,0.838468586986094
139,55,0.0133142951526366,0.656014664894548
139,57,0.00580393178345131,0.847276402357828
141,21,0.0640023250445869,0.0134644249102364
141,23,0.0373667430247458,0.167489784961686
141,25,0.0100245648808513,0.761897774398105
141,27,-0.0366098222684534,0.126402214052681
141,29,0.031345204128828,0.286970202412017
141,31,0.00270489471994327,0.924429321674896
141,33,-0.0166352554821166,0.0591966619852732
141,35,-0.00898305987358992,0.796694650315282
141,37,0.00168578030369839,0.965569136707192
141,39,-0.0237890900105234,0.465103094684613
141,41,-0.0291584350326824,0.273704032477066
141,43,0.000789411156000682,0.976510872260928
141,45,-0.0379675362187596,0.30010843346732
141,47,0.028607798888424,0.512900341222373
141,49,0.0405279386345162,0.158138348639735
141,51,0.0778712214565356,0.0293232926126377
141,53,-0.00781008365412911,0.802020303262377
141,55,0.0414218968002669,0.307033863753502
141,57,0.0711579443857169,0.0249001576910063
141,59,-0.00734242195249415,0.794232905209581
143,21,0.00991361047062753,0.743631932522058
143,23,0.00688317775105272,0.800834348974587
143,25,0.0254275117573774,0.416236929435704
143,27,-0.0426351282579687,0.129268682454003
143,29,0.00335675190631283,0.897976720403151
143,31,-0.00472204887083671,0.8753921891559
143,33,0.00583847728725526,0.723275660158218
143,35,-0.0246265112128349,0.412890060264723
143,37,-0.00285668578079785,0.939854512377925
143,39,0.00613385676129943,0.818670520494061
143,41,-0.0350980390016878,0.181751389043216
143,43,0.0213408587796212,0.488678219306689
143,45,0.00768768886322713,0.782099977252452
143,47,0.0146165165950908,0.660486921335953
143,49,0.036919343924652,0.208802962373408
143,51,0.00196940058822157,0.937668717978929
143,53,0.0211736417892107,0.460264222986703
143,55,0.0430105197162791,0.160246946647279
143,57,0.0482022978753849,0.171635504800292
143,59,0.0280654902765207,0.398087856786156
145,21,-0.00220206135261466,0.936542626368456
145,23,-0.0387249780037329,0.0613991877668943
145,25,0.0245232676125268,0.308636021695258
145,27,0.0118237004049059,0.722728158047777
145,29,0.0228620365860489,0.462811247877885
145,31,0.0239483182616962,0.431751680340152
145,33,0.0356975922304679,0.193419719617232
145,35,-0.00376267195134791,0.904065010444187
145,37,-0.00909584775725949,0.788228590158622
145,39,0.012176210348718,0.713164188482084
145,41,-0.0268442848313632,0.417233091492992
145,43,0.106692954140232,0.00424604135462357
145,45,0.0295947941122673,0.343355853914998
145,47,0.0577502932278198,0.0804817836061053
145,49,0.0522396885442559,0.185211670590729
145,51,0.0559327676729193,0.130118315115099
145,53,0.0501170085777969,0.0732805402242462
145,55,0.0268498324979028,0.362799783822243
145,57,0.026993117497785,0.38149524513067
145,59,0.0401870923286398,0.315300585663062
147,21,-0.00447999581962921,0.875897137396305
147,23,-0.0597156251138078,0.0460110498317891
147,25,0.0526822305533303,0.0546243430071829
147,27,0.0450132673369547,0.0997830713770562
147,29,0.0595826109854296,0.0589410793107911
147,31,0.0249026692101334,0.26931873212979
147,33,0.0264453007371326,0.353677723511621
147,35,-0.079040059766254,0.0159470210149594
147,37,-0.0357583607211876,0.272928190957978
147,39,0.00696381390305634,0.829788519123478
147,41,-0.0346583356026571,0.243157654050091
147,43,-0.0051938712416829,0.878201715831508
147,45,0.045696446065957,0.245601430548211
147,47,0.0591239799232212,0.14678424142401
147,49,0.0794320758052484,0.0345036510210127
147,51,0.0364321505723058,0.189248428844393
147,53,0.0549170909748334,0.0605924900665748
147,55,-0.00890623526525417,0.732367140386274
147,57,0.0337229272101449,0.298328553093913
147,59,0.0113508538580711,0.768822294657048
149,21,-0.0101576022927616,0.737010217008319
149,23,-0.0282583325510565,0.371453452182561
149,25,0.0144281425493606,0.591038629015595
149,27,0.0529091759195736,0.0664302006345787
149,29,0.0301824220790878,0.222284040889121
149,31,0.0202267834446784,0.475095895597242
149,33,0.0237026717848123,0.436879495189657
149,35,-0.119617298087571,0.0013733298456081
149,37,-0.0169855735663383,0.615573857235916
149,39,-0.0393240825353134,0.183852999898663
149,41,-0.000501603945705891,0.983771853059766
149,43,-0.00136789119293913,0.962062885438444
149,45,0.0710758210985831,0.0536279405227531
149,47,0.0419784273818845,0.224369316466172
149,49,0.0741630332141354,0.0175144244013927
149,51,0.0397592392119014,0.118646658802561
149,53,0.0481531183963445,0.105188814320167
149,55,-0.0328376678679258,0.279862586589899
149,57,-0.0361841790464246,0.255842201422442
149,59,-0.0376524217260296,0.359844272347849
151,21,-0.0490966422906005,0.0727225024399385
151,23,-0.0674754616330089,0.00965375457628859
151,25,0.00463592540936904,0.856879815143133
151,27,0.0272055539514108,0.351385819191923
151,29,0.0216322318107367,0.432845018727531
151,31,0.00191651340505105,0.948490528202699
151,33,0.00854269248940852,0.780426542870331
151,35,-0.0126456284879788,0.58891393650306
151,37,-0.0406309662294584,0.197533755616788
151,39,0.0118746692866636,0.703077852333348
151,41,0.0123648705229242,0.655654344863155
151,43,0.0356198426611462,0.366814435333052
151,45,0.0702247550665575,0.0333876302818634
151,47,0.0357194733522313,0.26849721488941
151,49,0.0248396260776768,0.331669405562196
151,51,0.0416079310416963,0.18023371332764
151,53,0.0468689695476334,0.0994043588604967
151,55,-0.016099729558184,0.674087562243752
151,57,-0.0600503495451638,0.0584499459814358
151,59,-0.0289527840109535,0.384271387624002
153,21,-0.0398845718115681,0.117631538018127
153,23,-0.0618283994611289,0.0255955835508324
153,25,0.0108252490016419,0.648570852620786
153,27,0.0149086454314093,0.627563971321803
153,29,0.0211321008614457,0.525974024007083
153,31,-0.0109219893252167,0.705718726657382
153,33,-0.0180095043276612,0.472633345081589
153,35,-0.0288973365332823,0.361179507001269
153,37,-0.0125939235755505,0.636501532573202
153,39,-0.00935576048079177,0.767914671304702
153,41,0.0593994882604051,0.0806340998502174
153,43,0.0424617481654675,0.184399081115985
153,45,0.0528818031728753,0.086207386093662
153,47,0.0188531372184532,0.542899043001031
153,49,-0.00334316078430177,0.905789284749215
153,51,-0.0634561111211239,0.00956246852559609
153,53,-0.0366666226147561,0.342023454564171
153,55,0.00664101546483148,0.836726168064948
153,57,-0.0242486411321412,0.489600709583155
153,59,-0.012904101714208,0.65767279301576
155,21,-0.0527569200556979,0.0766300155276746
155,23,-0.0937974183765896,0.00016421044268127
155,25,0.0271850456816446,0.322244968210262
155,27,-0.0105251630855672,0.703530129366798
155,29,0.00311826296134325,0.929763534546764
155,31,0.0364773442501127,0.339314168677901
155,33,-0.0435460232103884,0.0870687047098507
155,35,-0.01988574906631,0.445763052110315
155,37,-0.00372709554960284,0.914222540404459
155,39,0.0262541975142507,0.359412472444044
155,41,0.016940382698008,0.598544849603881
155,43,-0.015968255648671,0.600835378122284
155,45,0.0459878926142676,0.130799644461418
155,47,0.0204982463886918,0.485221989622854
155,49,-0.0417147831560609,0.191377402794959
155,51,-0.0466628669877943,0.150795443906591
155,53,-0.0891717034414811,0.00882389002655165
155,55,0.0055317890955966,0.853110699756612
155,57,-0.0147321324619752,0.669008582376222
155,59,-0.0380195960214921,0.274785801862549
155,61,-0.00866541764091402,0.774621548066616
157,21,-0.00746385210398861,0.810986114224289
157,23,-0.0557256018343507,0.039742081526119
157,25,-0.00946731537743045,0.742650130301493
157,27,-0.0174170381203006,0.544008908598895
157,29,0.0173967586617422,0.663095023261969
157,31,0.010280591995153,0.751952680935067
157,33,-0.0502627281225581,0.0907909855818749
157,35,-0.0241099772157597,0.363898463434388
157,37,0.0390100702632041,0.235198800951125
157,39,-0.0126454895691031,0.648235595890664
157,41,-0.00941840951528418,0.68075320109489
157,43,-0.034175613409233,0.364596630044443
157,45,0.0242118904027797,0.466950466003209
157,47,0.00566730236952297,0.840909157957868
157,49,-0.0310317277105235,0.430364898792316
157,51,-0.0388525707028991,0.226463298544689
157,53,-0.0406090294126774,0.174084052382386
157,57,-0.0201969880358572,0.530071368879042
157,59,-0.0187383465034838,0.506723059084663
157,61,-0.0266434526407978,0.459457623141073
159,21,0.0249594862616195,0.353594859173394
159,23,-0.0228118454908074,0.316163244880079
159,25,-0.00898607386516399,0.778514339759678
159,27,-0.0283270648605105,0.294530214394771
159,29,0.00288780282951062,0.941084861658971
159,31,0.0051326424912697,0.870839937437533
159,33,0.0275115180571225,0.480311928689158
159,35,-0.054813848732851,0.0315688925546049
159,37,0.0247639812102734,0.402695334429367
159,39,-0.0130992663422806,0.649681082837142
159,41,0.0334597025810563,0.255689957595273
159,43,0.0127513268678141,0.746440696343423
159,45,0.00101347169725858,0.978329575587486
159,47,-0.0102474338207005,0.727903498124373
159,49,-0.0151072350445738,0.587736279269944
159,51,-0.0416607641869687,0.320187530538098
159,53,-0.0477036691128462,0.110869165052605
159,59,0.00213322724088782,0.946402350210775
159,61,0.00758848415971198,0.793282792390844
161,21,0.0219231580055448,0.452088560140127
161,23,-0.0087941293413433,0.707165278920858
161,25,-0.0251441945554015,0.419649639191269
161,27,0.00118170504988791,0.962097502546562
161,29,0.0350256297378105,0.327278280021321
161,31,-0.0279720558484597,0.380334176568773
161,33,-0.021611677953816,0.478261771828093
161,35,-0.0323475911555822,0.244509431267962
161,37,0.0123040138653325,0.651994604313338
161,39,0.0163683185892801,0.649104774188476
161,41,-0.0140922735726191,0.655296361888544
161,43,-0.0138093681271487,0.596224861418022
161,45,-0.0311613372785883,0.430131479939178
161,47,-0.0297201831352548,0.338689926771868
161,49,-0.0101454343447568,0.728401934928951
161,51,0.011556079824867,0.719233678286271
161,53,-0.0439447316104299,0.235341499005893
161,55,-0.0135969104627899,0.680127115625534
161,59,0.0155086027988361,0.644179090297428
161,61,-0.000783669816011992,0.980184527907124
163,21,0.0194149851377871,0.517355622574533
163,23,-0.0253837736233421,0.364603388165957
163,25,-0.013908421806742,0.685515159429336
163,27,0.0125679182436793,0.580611834948701
163,29,0.031006330638849,0.360134928856739
163,31,-0.0150395246279076,0.621456053373155
163,33,0.00131454340280612,0.968184199602112
163,35,-0.0590722478732203,0.0300509549042218
163,37,-0.0239369572971393,0.439884925251423
163,39,-0.0374218289066217,0.208226141408267
163,41,-0.0164429210200494,0.644783137410561
163,43,-0.0444284855944142,0.132535233978767
163,45,-0.0831269730366066,0.0432312845679403
163,47,-0.0550158290608626,0.143789890519614
163,49,-0.0271025453784368,0.353353655586988
163,51,0.00714465698061925,0.794077674817326
163,53,0.00297407753184247,0.9025623814096
163,55,-0.00327239576456559,0.92055133175054
163,57,0.020793906532669,0.537831092835446
163,59,0.0293543341296857,0.306271716100512
163,61,0.0523114554429981,0.0940624748681938
163,63,0.0849730849811054,0.0349462857338692
165,21,0.0413017216418942,0.195993517539419
165,23,-0.00416745476202726,0.879203380571034
165,25,0.0313787789385889,0.297179410793949
165,27,0.00782885683271735,0.771036913728209
165,29,0.0137979377284875,0.586744095749461
165,31,0.00185182606392884,0.951648535737809
165,33,-0.0212613735719901,0.55878772204718
165,35,-0.0355565595174257,0.156512708712826
165,37,0.00776470576318617,0.770590664804258
165,39,-0.0313092999394605,0.257318677914416
165,41,-0.0913781638345504,0.00846210938353445
165,43,-0.0147078242425018,0.600596870236773
165,45,-0.0518186046858848,0.141282315023815
165,47,-0.0679353439659909,0.0340702265895188
165,49,-0.0555183299198865,0.0343739413592089
165,51,0.0219497125261079,0.378019896242375
165,53,-0.020852773524789,0.418016523484254
165,55,-0.0300335233868242,0.314899040457113
165,57,-0.0100502946959346,0.740255596848896
165,59,0.0418423529186899,0.189635179610157
165,61,-0.0290061651836011,0.338277072999654
165,63,0.0212915129306971,0.508223012955057
167,21,0.0491502121237425,0.0453019231429187
167,23,0.0323820980702626,0.24882997179862
167,25,0.0220193876590041,0.369248133740906
167,27,0.00264621883159947,0.897188848552898
167,29,-0.00885519713333411,0.734524618786488
167,31,0.0245743879596954,0.321101692667529
167,33,0.00978198140755367,0.735634865291482
167,35,0.0179045430255683,0.524946013601421
167,37,0.00975924769707537,0.743108680408498
167,39,-0.0411505982511122,0.170237662348122
167,41,-0.0669415924005265,0.0148934726482511
167,43,0.00409317840149684,0.889711317794784
167,45,-0.0118654098671659,0.597662901300102
167,47,-0.0640012310448438,0.0489360386381005
167,49,-0.0197267814508479,0.492526176420674
167,51,0.040369744234444,0.189452711902501
167,53,-0.0168316241440972,0.603264569952964
167,55,-0.0476783547271448,0.088835167707684
167,57,-0.0382958529623401,0.24197405349026
167,59,0.050645941200585,0.0805117617806045
167,61,0.0334663801346241,0.25855139305914
169,21,0.00211347532718456,0.92646192235129
169,23,0.0253782970553199,0.331241391373688
169,25,0.0129808838069492,0.609966070776582
169,27,0.00572082669761956,0.798513724432759
169,29,-0.00298254755237983,0.908614697711188
169,31,-0.0362287194572063,0.287103286860353
169,33,-0.0244943171664222,0.405971726584155
169,35,0.00369126705628825,0.904825638552871
169,37,0.00888617932223914,0.774729115262667
169,39,0.00215038189160886,0.941998393721087
169,41,-0.0440522995980053,0.0749620036648283
169,43,-0.0163440025840783,0.526889342008404
169,45,-0.0453711603424761,0.129632773260614
169,47,-0.0577998260614019,0.0472916078205339
169,49,-0.0221704896948427,0.504190459061916
169,51,0.0373202123104941,0.212044579262262
169,53,0.00366333236502137,0.896082794522354
169,55,-0.0514186651532099,0.0702975069538969
169,57,-0.0455433141594893,0.144853489060392
169,59,0.0128140870322259,0.68334437792752
169,61,0.0144855385821119,0.590073078852462
171,21,0.00325982472611256,0.900828072932564
171,23,0.00145139670813889,0.958386956392007
171,25,0.0121852192597414,0.474115184919417
171,27,-0.00416672193931994,0.830078825080959
171,29,-0.0142737986682064,0.589320840196891
171,31,-0.0544365313129128,0.0991175021617338
171,33,-0.0708287455840369,0.00756506805316507
171,35,-0.0434473016815259,0.176975529905502
171,37,-0.0271929772233993,0.392280846049521
171,39,0.00315587337859743,0.909370992649151
171,41,0.0146606822440488,0.561209653625301
171,43,-0.0194252649260125,0.514980348404221
171,45,-0.0558681211162481,0.0134632209089631
171,47,-0.0410881571454763,0.0973763808895281
171,49,-0.0408428074019164,0.265495031241035
171,51,0.021202534556022,0.465607209342836
171,53,-0.029433187335231,0.32471289331768
171,55,-0.0459248227486699,0.0922113365614092
171,57,-0.0492425406112818,0.10325067304628
171,59,0.00442356314922877,0.871525981802025
171,61,0.0384506052483225,0.244889637917469
173,21,-0.00198780390544908,0.943394103966764
173,23,0.00996083968810085,0.724596957582387
173,25,-0.0158798827013521,0.460902753699545
173,27,-0.0286145325761445,0.242546862752918
173,29,-0.0289735781590912,0.214755949686586
173,31,-0.089247109949046,0.0330568855230428
173,33,-0.0265354075226558,0.393158902730478
173,35,-0.0464164932257111,0.0691686112806351
173,37,0.0112316193412716,0.702023352253941
173,39,-0.0236737583323974,0.236598322419386
173,41,-0.0254794628208264,0.297983891378407
173,43,-0.0420122267979286,0.193311961497923
173,45,-0.0283085012603762,0.279076974557464
173,47,-0.0332126324328422,0.158057521889792
173,49,-0.0541596126179738,0.126256252086974
173,51,0.0135942864900614,0.652350178220155
173,53,-0.0153781185755595,0.605908610337808
173,55,-0.0297161615242161,0.20688992782569
173,57,-0.0562824735429195,0.0627656517350936
173,59,-0.0151290553706132,0.594114037061097
173,61,0.0153971719705766,0.60364695563824
175,21,-0.0186127900817505,0.532727893713687
175,23,0.00807328093004144,0.756768219955384
175,25,-0.00751942432082332,0.76302721729786
175,27,-0.0408086810787657,0.0943204474340878
175,29,-0.0264776638642075,0.245324708837651
175,31,-0.0888745746025433,0.0130396704572234
175,33,-0.0556471147868173,0.0593185197827009
175,35,-0.0437588312587243,0.166935078780249
175,37,0.016603177906962,0.514843790311818
175,39,-0.00882166682326864,0.728860368718574
175,41,-0.00549654140612885,0.824796590745828
175,43,-0.0234623265475088,0.272974045803704
175,45,0.0257106103596324,0.330666249014484
175,47,-0.0493189992010636,0.0265936225793736
175,49,-0.0188748656493061,0.54962807644777
175,51,0.0135468595061293,0.648859670541275
175,53,-0.0244938388058801,0.429913876446752
175,55,-0.0381807177942894,0.127788929855098
175,57,-0.0481608233268704,0.155855454685607
175,59,-0.0276340367383917,0.414070445539255
175,61,-0.0109781425995912,0.702044781168332
175,63,0.00147198723922191,0.965015154390353
177,21,-0.0304841936010369,0.27540128721079
177,23,-0.00361022088118686,0.887851628204341
177,25,0.033322018114231,0.142851287703869
177,27,-0.0230580581256139,0.376841066300098
177,29,-0.0311785502958858,0.162790043339563
177,31,-0.0764698543725491,0.0286810598595785
177,33,-0.0389769133722308,0.117355593449541
177,35,-0.0028932183807124,0.918457366989026
177,37,0.0212038530878118,0.404138505020296
177,39,-0.0370415269699061,0.220599672529702
177,41,-0.0197910275909607,0.341410712379552
177,43,-0.0257062283889338,0.310923132379065
177,45,-0.0246030663055834,0.361830362918867
177,47,-0.0465029235404043,0.0706159572018484
177,49,-0.018732623404531,0.535300975009548
177,51,0.0176629922582545,0.549346084712272
177,53,-0.0268596231509725,0.359367382864717
177,55,-0.02344545404547,0.333691622244623
177,57,-0.0412972340366004,0.222118145772683
177,59,-0.00160112139171147,0.960181389819114
177,61,-0.00452765434679954,0.868920427430933
177,63,-0.0570669701113752,0.068597455279933
177,65,-0.0297918793407952,0.313190384139267
179,21,-0.0308133475127849,0.303324969837514
179,23,-0.0358999097306641,0.252742441122788
179,25,-0.00204225461517537,0.945932181488484
179,27,-0.0486412569298328,0.0385020421995822
179,29,-0.049093142489526,0.0475185763658034
179,31,-0.0594297855554492,0.021832812635183
179,33,-0.0535930257444175,0.0417072895540435
179,35,0.0104643700890027,0.62661655908386
179,37,-0.0329626122975584,0.272031721816531
179,39,-0.0421266996588763,0.0660403781598439
179,41,-0.0609732568638284,0.00895637954122559
179,43,-0.0422368219669168,0.210578028300849
179,45,-0.0289542311448723,0.333343908340996
179,47,-0.0598681394398511,0.0386066002433519
179,49,-0.014288655195435,0.715741646494944
179,51,0.0157750581455577,0.587590305721912
179,53,-0.0161905204306076,0.545651282803987
179,55,-0.0397130738831589,0.127576084963591
179,57,-0.024284591944588,0.450615108786028
179,59,0.0176335820616753,0.555601607926724
179,61,-0.00125874221110875,0.968204687946125
179,63,0.0139725334656623,0.620337838879687
179,65,0.0169212862483407,0.618372375296782
181,21,-0.0250809168349899,0.363563486675325
181,23,0.00280825213740687,0.905267088186132
181,25,-0.00851191882259592,0.720697733508336
181,27,-0.0926809626069143,0.000106621886426308
181,29,-0.0762937350817131,0.0247030863214436
181,31,-0.0783376202501826,0.00748357178490975
181,33,-0.076038180098223,0.00744261840260156
181,35,-0.0288407843059876,0.195040706653626
181,37,-0.0216274028279826,0.412767105939568
181,39,-0.0674261562118542,0.00135658520544147
181,41,-0.0733615180410336,0.00985767665463143
181,43,-0.0409002390891075,0.253569362122235
181,45,-0.0530888351602045,0.074423123654598
181,47,0.00500214339502083,0.858127280444549
181,49,-0.00977305051318896,0.819885338267594
181,51,-0.00315020896588256,0.918109275636135
181,53,-0.0266372559389,0.274836354369844
181,55,0.00992515686427801,0.657652156806686
181,57,0.0190701150900248,0.577529417627497
181,59,0.0289840542508292,0.39403427983844
181,61,0.0196429003829399,0.585083592142792
181,63,-0.00203719256503995,0.951283999001935
181,65,-0.0185916006582435,0.462617223108444
183,21,0.013026246810983,0.672653047351343
183,23,-0.013682756524437,0.573927589758113
183,25,0.00506145024129996,0.842089559613283
183,27,-0.0598641139238899,0.0429951817267016
183,29,-0.0959142983029722,0.00221033624143419
183,31,-0.0630663615550082,0.00819674660285301
183,33,-0.0808987546776891,0.00163528893714597
183,35,-0.019432447913208,0.405240489186648
183,37,-0.0230779765920567,0.325750149825917
183,39,-0.0743193208337822,0.00335452667196006
183,41,-0.0690434802386477,0.0345001853766599
183,43,-0.04139373438711,0.160526599402376
183,45,-0.0150198074541111,0.592322632420768
183,47,0.00798134130083226,0.787441366651035
183,49,-0.0253099327402337,0.496432425650808
183,51,-0.00702598603685659,0.843360899727225
183,53,0.0152448680117372,0.585712839306642
183,55,0.0234811959165767,0.425738290657273
183,57,0.037595731141431,0.264940545820553
183,59,0.0621830263956342,0.0836178249924939
183,61,-0.0220946455549691,0.464433447650999
183,63,0.0197424477204344,0.484872903137608
183,65,-0.0169442029705433,0.477794322499557
185,21,-0.0372458231759641,0.189790482784629
185,23,-0.05520599178755,0.0149753736576414
185,25,-0.0143857228038307,0.589801099775934
185,27,-0.00990497248691948,0.675632068605747
185,29,-0.0378301733307597,0.198943337782957
185,31,-0.025784047768235,0.269304984036179
185,33,-0.0849870153328802,0.00499515296141096
185,35,-0.05036022634628,0.0813153046390772
185,37,-0.0117623394099064,0.564062083680032
185,39,-0.0660104701641387,0.0046105721391224
185,41,-0.0567298427091292,0.0232524453513516
185,43,-0.0632535883146582,0.0241436136470741
185,45,-0.0284496428157783,0.340282756988681
185,47,-0.0334209656893329,0.21367664178411
185,49,-0.0179396444060055,0.565564740003552
185,51,-0.0238831992183851,0.525600078675664
185,53,0.0120246334475502,0.690694146478017
185,55,0.032135916777166,0.348825090987199
185,57,0.0594687673376947,0.0359827877055067
185,59,-0.00958836188049588,0.731563255589907
185,61,-0.0281713127372235,0.418486704574606
185,63,0.0241665043618557,0.434131605765088
185,65,0.0174642293927642,0.520710755843099
187,21,-0.0360544468940996,0.187795975865798
187,23,-0.04235769624155,0.0457503183897584
187,25,-0.0166521999802768,0.540627135380686
187,27,-0.0174150933535253,0.515105606946131
187,29,-0.0408533501648494,0.147697043069705
187,31,-0.035891411841435,0.127004217320015
187,33,-0.08723929229851,0.000875946236062417
187,35,-0.0794048548840976,0.0084334021806411
187,37,-0.0096498340620228,0.655802968538585
187,39,-0.0455132859457217,0.0392167084476414
187,41,-0.0664548680334245,0.00789975295674782
187,43,-0.059327001348146,0.02766680601414
187,45,-0.0526931476989644,0.0365553529288337
187,47,-0.0404044903770477,0.155270544719019
187,49,-0.0186958580226578,0.523544793235349
187,51,-0.0423385794989552,0.260157519498198
187,53,0.00914952097915323,0.716260548480754
187,55,0.043859103467997,0.227409086442598
187,57,-0.00111342067214367,0.969280844169003
187,59,-0.0229775696059758,0.38596732257391
187,61,0.00288682401816428,0.9281165144732
187,63,0.0405145221973925,0.275898821462614
187,65,0.0889465748159402,0.0148339234553542
189,21,-0.0501329664520942,0.0628837970039536
189,23,-0.0168633952790761,0.530804898366001
189,25,-0.0381505181600845,0.247884456623393
189,27,-0.00745510981725353,0.809041575862463
189,29,-0.0033414000057907,0.883684453740779
189,31,-0.00696945587445582,0.76434036301439
189,33,-0.0739538176750353,0.00111058386262668
189,35,-0.0660749586161052,0.0167820954645609
189,37,-0.0371399857321924,0.151999208539898
189,39,-0.0492596902076579,0.0335555117177335
189,41,-0.0826976145262205,0.005164636427499
189,43,-0.0964078592797983,0.00247721261446095
189,45,-0.0274728095253649,0.240960183241496
189,47,-0.0313703827839336,0.347444161976004
189,49,-0.0176307896924639,0.544553861101709
189,51,-0.0525697153714873,0.155660042599379
189,53,0.0204673342139136,0.478816268455177
189,55,-0.000337501319766145,0.991162862177571
189,57,-0.0433070957963117,0.068869885241981
189,59,-0.0273436382202912,0.414583913355332
189,61,0.0369398235019186,0.24958009969358
189,63,-0.0148263927424384,0.622742199171577
189,65,0.0401205259113399,0.21079702759509
191,21,-0.0441795091588526,0.141713113541603
191,23,0.056844193824913,0.00017548131591907
191,25,-0.00864595121038169,0.792673461778644
191,27,-0.0217843744082992,0.50487388343149
191,29,-0.0102704995554142,0.675100263618945
191,31,-0.0428668786462948,0.0801617150545117
191,33,-0.0564693485477028,0.0437252663525733
191,35,-0.0798736656824549,0.00398399277313213
191,37,-0.0807894631890474,0.00588881783755524
191,39,-0.0843730126775772,0.00107462175116829
191,41,-0.120188635301547,0.000231518857445144
191,43,-0.107727489710146,0.00489936374606109
191,45,-0.00987461023035165,0.747946417907507
191,47,-0.0326050920021001,0.284248687783738
191,49,-0.0257091614529209,0.489444659315312
191,51,-0.0432110882717697,0.230956832267682
191,53,-0.0241730824806057,0.199738012510326
191,55,0.0406772889613401,0.113625434148274
191,57,-0.0188299118511013,0.413521815763825
191,59,-0.0178743808904664,0.496776282004475
191,61,0.011289316523817,0.70330855675823
191,63,-0.00720648577321696,0.713008892756352
191,65,0.0491968884793097,0.0545689563480364
193,21,-0.053105718751168,0.0881731927812429
193,23,0.00627312350576748,0.777935910363335
193,25,-0.0135710067403586,0.630320178943481
193,27,-0.0490412664785168,0.133258615129907
193,29,0.0169906452526862,0.459185641361023
193,31,-0.0259693157215747,0.327475187349843
193,33,-0.0541387778153433,0.0261375044903251
193,35,-0.0473410066886881,0.0451819246708871
193,37,-0.0553109659645278,0.0380785313265476
193,39,-0.0796972036168277,0.000967036905680661
193,41,-0.0776803686336864,0.0601238530166509
193,43,-0.092121302243993,0.0289514068668484
193,45,0.0388446172406845,0.192294616537159
193,47,-0.00609438288485319,0.850507865468156
193,49,-0.0182503160997604,0.59289090364095
193,51,-0.0469299009603986,0.180439478221561
193,53,-0.0484536493602531,0.10280190898592
193,55,0.000879143338411071,0.975849696046478
193,57,-0.0131468107497825,0.612399973676426
193,59,0.0351963932146519,0.164069324751163
193,61,0.00379301850522987,0.909810684137096
193,63,0.0112816305832271,0.66918065643063
193,65,-0.00780625727378,0.683298478127693
195,21,-0.0310093545382531,0.228856154020321
195,23,-0.0694504286458568,0.00285500574016892
195,25,-0.0469804551488825,0.110050499156589
195,27,-0.0482615380255801,0.146199492760609
195,29,-0.0104087949332682,0.712455865162044
195,31,-0.018669677861101,0.483874735857006
195,33,-0.0185235406556804,0.504099314812453
195,35,-0.0420106834247638,0.164740919632027
195,37,-0.0808718096446635,0.00553413589382932
195,39,-0.100153335343236,0.00143171604949755
195,41,-0.0881612672112907,0.0180207231276462
195,43,-0.0532025190077,0.133126934089391
195,45,0.0713726111617262,0.0301790527706431
195,47,0.0196277862660253,0.560633254617778
195,49,-0.0190473303467076,0.573194914234695
195,51,-0.0431285624767248,0.168078450731238
195,53,-0.0423913932348323,0.185144548821929
195,55,0.00145499367584136,0.956892584970378
195,57,0.0148743375104938,0.564244661314451
195,59,0.0224537034329762,0.556487494104691
195,61,-0.0483238949950365,0.168906467202663
195,63,-0.00286370801584836,0.922690257584063
195,65,-0.0135684949521765,0.546475643186054
197,21,-0.034801109758247,0.0708146886324559
197,23,-0.0971628730932701,0.00068157382969325
197,25,-0.049094538153241,0.131489543541177
197,27,-0.0147460250617007,0.610492010083565
197,29,-0.00227710023234506,0.945963240515511
197,31,-0.0244568027713,0.418279785204342
197,33,-0.00712486156509325,0.815061520779959
197,35,-0.0297478188879453,0.359286667912083
197,37,-0.0669442000222651,0.047961563101129
197,39,-0.0945244308325113,0.00577884697500647
197,41,-0.0672042000202694,0.0186933476612979
197,43,-0.049247305231193,0.112034130837625
197,45,0.042636285281186,0.218509117865006
197,47,-0.0081364719463202,0.820480879395938
197,49,-0.0258994440504162,0.480477680898623
197,51,-0.0285674074801927,0.367648032762582
197,53,-0.0369171081831937,0.267719798488653
197,55,0.0288209021597225,0.297128084927275
197,57,0.00452062259320218,0.894583662506973
197,59,0.0450416176863744,0.171225019194734
197,61,0.00142091783309361,0.967444955546584
197,63,0.0423631409653873,0.275062573041933
197,65,0.032493825345585,0.34456109550134
199,21,-0.041083164358611,0.0513769864575972
199,23,-0.0744476266292503,0.00187523555977648
199,25,-0.0623395066983023,0.0154246890898579
199,27,-0.0353436084500807,0.22015205230285
199,29,-0.0162923159662581,0.579921264978017
199,31,-0.0402986868039212,0.177052657118715
199,33,-0.0357767318955636,0.239309932341958
199,35,-0.0424828905311644,0.17436100298595
199,37,-0.0526707902098239,0.0707563330773506
199,39,-0.0856465685729083,0.00270572653284097
199,41,-0.0480260791130373,0.14938965808324
199,43,-0.0378694130415265,0.242675900000645
199,45,0.0138159117176376,0.686096810829628
199,47,-0.0116142802687589,0.740006796925293
199,49,-0.00612908274414955,0.830053814468785
199,51,-0.0081403260001275,0.791716110428052
199,53,-0.0224568173710659,0.518082161068389
199,55,0.00791085738550858,0.661939970471755
199,57,0.0111818451994936,0.679531498243008
199,59,0.0708870983099712,0.0304600663571167
199,63,0.0978977775794709,0.00943296432015455
199,65,0.0285199604394007,0.256929171721201
201,21,0.00334469185388503,0.89107512203405
201,23,-0.0367115505092143,0.108653290022422
201,25,-0.0344321826161114,0.227060878804266
201,27,-0.064345898625566,0.0182249442862587
201,29,-0.0117909949184611,0.676718835146634
201,31,-0.00909505488204795,0.713560261917106
201,33,-0.0204216911069717,0.521417590302467
201,35,-0.0244965878909755,0.390096173318125
201,37,-0.0298107593028026,0.308935789293244
201,39,-0.0245472553731143,0.361368072383086
201,41,-0.0789125141242028,0.00444265574319444
201,43,-0.0459661654567656,0.237311336455657
201,45,0.00323839567168557,0.925086953085031
201,47,-0.026584139948592,0.453253168166941
201,49,-0.0248848493599679,0.462435015094293
201,51,0.0212753009332961,0.49242901156052
201,53,-0.0085676954205304,0.783200813712691
201,55,-0.0305636175848904,0.211971920079901
201,57,0.0185585636076454,0.605857013027108
201,59,0.0285778359569199,0.425401066218542
203,21,0.00426106410277003,0.864461216240089
203,23,0.00568284709300613,0.845960018038924
203,25,0.0166897063857764,0.387037492441358
203,27,-0.0561268045564686,0.0451780065413235
203,29,-0.0569935028101277,0.0282610158464612
203,31,-0.0396626255396125,0.25474217795465
203,33,-0.0458800354596515,0.144604072874649
203,35,-0.0245655754745664,0.326969040787161
203,37,-0.0369601672551003,0.209432136000734
203,39,-0.0383453911677033,0.16240643411311
203,41,-0.0546275008239927,0.0468451272414642
203,43,-0.059771728470729,0.076840239194626
203,45,-0.0386680506690593,0.346528749699963
203,47,0.00373577753016452,0.904723258178653
203,49,-0.0195976129478872,0.518178432164039
203,51,0.0323387809282367,0.224568080178313
203,53,0.0130174742253685,0.650390745404317
203,55,-0.0400592478292443,0.208829670597751
203,57,0.0113801007853149,0.646174134224061
203,59,0.0061278263540846,0.869216202300313
205,21,0.0138498701776529,0.622937815579805
205,23,0.00389389288191737,0.893893622452559
205,25,-0.0339452528949574,0.0751544437821307
205,27,-0.0442459602857754,0.0137396747259572
205,29,-0.0244548735385604,0.301957701420028
205,31,-0.045179766314214,0.208694757835464
205,33,-0.0372898497575488,0.168419285169233
205,35,-0.0157254078218509,0.565897677849894
205,37,-0.0696161215190355,0.00252271895109158
205,39,-0.0406843303297971,0.143507933728935
205,41,-0.0632068596231985,0.0405983105672763
205,43,-0.0700550709039785,0.0252713311981503
205,45,-0.0180949398650085,0.613893485053353
205,47,-0.0128307018071551,0.633176837587269
205,49,-0.0154569495778664,0.625674232321606
205,51,0.00923957324625481,0.754259326259444
205,53,0.0369742438771016,0.292598515032552
205,55,0.00378398431967224,0.929989915342793
205,57,-0.00738671037328702,0.81416651245625
205,59,0.0105554637885339,0.772070097738295
207,21,0.0255223463888988,0.34296493675345
207,23,-0.011834268017512,0.706417676036133
207,25,-0.0134382802924051,0.639939981092984
207,27,-0.0181544097108852,0.487486579042906
207,29,0.00157806728506616,0.956891535485563
207,31,-0.00808594648269333,0.748137066164001
207,33,-0.035459809650103,0.229913032796405
207,35,-0.00599738582304781,0.820446032903652
207,37,-0.0601731963485787,0.0195796653614657
207,39,-0.047669114726016,0.0772049323939587
207,41,-0.0764600220816889,0.0251752251693188
207,43,-0.0683148241760411,0.0481140145896178
207,45,-0.0145089695578146,0.673375869894192
207,47,0.0166858597088092,0.541763092383337
207,49,0.00760564280082161,0.82590964976601
207,51,0.0313154985121721,0.37818738888605
207,53,0.0446901177176379,0.216315817839824
207,55,0.0129959154916578,0.678136616767536
207,57,-0.0414070149220078,0.178486737698113
207,59,0.0142303717385419,0.682904533850972
207,61,-0.0372564446861301,0.346389971419076
209,21,0.0336135881938572,0.236963388254938
209,23,-0.00835628161261884,0.793558022103266
209,25,-0.00802234024144081,0.807510622141954
209,27,0.0106502341008302,0.756567965467548
209,29,0.0095518035489254,0.761606959303413
209,31,0.0107070624988467,0.728055776965229
209,33,-0.00890747462508278,0.656347336677229
209,35,-0.0165234265732121,0.473116264508453
209,37,-0.0652261229040361,0.00171344378927253
209,39,0.00999308902565605,0.711943968715781
209,41,-0.0518613809630331,0.0663112337857554
209,43,-0.0208234908546952,0.54805691350356
209,45,-0.0443087527134198,0.133090422022852
209,47,0.019785116106784,0.464363551194811
209,49,0.0221115409101299,0.48402427120579
209,51,0.0728853610451353,0.0272447033822274
209,53,0.0392187998498448,0.290440528823135
209,55,-0.00776264988734713,0.773036807838242
209,57,-0.0376859424192188,0.297845532411766
209,59,0.00782186227428566,0.813069714090679
209,61,0.0574679632507543,0.227911815354276
211,21,0.0321965608569566,0.201611596295347
211,23,-0.00393853175830264,0.907301989243554
211,25,0.00735113370156113,0.800176209661923
211,27,0.026397023923643,0.396374812001262
211,29,0.014025692099215,0.649792875151378
211,31,0.00667019753178457,0.820036075392605
211,33,-0.0185012927102787,0.425285966261742
211,35,-0.0333073741170245,0.201302712011904
211,37,-0.0538336529810731,0.0321345164193877
211,39,-0.0378258499498434,0.179218472622062
211,41,-0.0145826255475435,0.636552116141458
211,43,-0.0375265925768495,0.250033477814814
211,45,-0.0211114179262772,0.423507196389449
211,47,0.00605838304982739,0.821701855769629
211,49,0.0249255733803925,0.401915657683167
211,51,0.0279799014579423,0.354161340493331
211,53,-0.000273377636155747,0.994020420976843
211,55,-0.0324669614578419,0.315031382166794
211,57,-0.0258804020813034,0.497774022350092
211,59,0.0289368322413452,0.34313032988946
211,61,0.069398283251395,0.0506559643364154
213,21,-0.0145597358891313,0.56721034957676
213,23,-0.0136656259768402,0.682482625405984
213,25,-0.0109632089668376,0.734133578628801
213,27,0.0134221072532415,0.711472634631439
213,29,0.0310526461199556,0.384918914361988
213,31,0.0205271197419274,0.418681473472764
213,33,0.0241329974623946,0.427351149822341
213,35,-0.0108059349715732,0.688666429073805
213,37,-0.038344841257252,0.232220686970817
213,39,-0.0420521188499878,0.0612986852463228
213,41,-0.0684073281251379,0.0287685219635269
213,43,-0.0453351098018833,0.103805943728
213,45,-0.0200448303164935,0.483885787665572
213,47,-0.0205841658333193,0.497451515986197
213,49,-0.00791637423883839,0.758596237099725
213,51,0.00442373611613904,0.875981708005177
213,53,0.00820944113709021,0.820014816343837
213,55,0.014044076346856,0.678761065968628
213,57,-0.00507564497780669,0.88820339190019
213,59,0.0366139509265857,0.115957036252289
213,61,0.0560614983826603,0.0608822038309035
215,21,0.0164602416039352,0.568694684704283
215,23,0.00894971645489495,0.785801025919104
215,25,-0.0204283448668429,0.586256266419771
215,27,0.000801890559100232,0.980577864196081
215,29,0.0166709649073283,0.596209756656392
215,31,0.0510076690503949,0.119433901996739
215,33,0.0368608624930537,0.245294588320471
215,35,-0.0280192225127901,0.396811267898412
215,37,-0.0192637982032363,0.527107579194911
215,39,0.0198696319091928,0.437886702167069
215,41,-0.0395822825359773,0.284828502634186
215,43,-0.0181468411207413,0.597573721707109
215,45,-0.035376666794004,0.174876739220886
215,47,-0.0468472748963758,0.098773889202513
215,49,-0.0314285275948104,0.263595001737273
215,51,0.0429414094201453,0.0892604789220003
215,53,0.0185377270682693,0.587670528890537
215,55,0.0219806794776531,0.518017112727673
215,57,-0.010235344895592,0.776958830002831
215,59,0.0409571118285167,0.148963019576056
215,61,0.0763172886373095,0.00584191437151722
217,21,0.0238236001031153,0.445258051126445
217,23,0.0228376445090583,0.314808797146701
217,25,-0.0482227127078802,0.18060121737031
217,27,0.00421835463964276,0.896264127432902
217,29,-0.00607742848295412,0.837880022225029
217,31,0.0323820678663858,0.34543929096867
217,33,-0.00811888890759395,0.656998254239727
217,35,-0.0262343443006828,0.307860042990154
217,37,0.0523289293304994,0.0365335379203727
217,39,-0.000805733867468723,0.976986988061704
217,41,-0.0356681740584115,0.30864131501089
217,43,-0.0140118923105632,0.666284738018066
217,45,-0.0139175353381612,0.585521061851281
217,47,-0.0546094608029267,0.103468304787509
217,49,-0.0529247827190885,0.0760941144544929
217,51,0.037719225267607,0.177040320310551
217,53,0.0246091353746631,0.505346069574913
217,55,0.0186184624998062,0.481566495154673
217,57,-0.036221256099342,0.299563890932277
217,59,0.0466663227748458,0.1113273058078
217,61,0.00412439263874779,0.890112027446315
219,21,0.0128258120872242,0.642457710955996
219,23,0.00194064928188631,0.939163296836594
219,25,-0.0424987160754208,0.201358249152103
219,27,-0.043073255774287,0.184850516638459
219,29,-0.0144243777657968,0.645830292657516
219,31,0.0386074108240918,0.238814626172746
219,33,0.0230780769321725,0.43801726045602
219,35,-0.028004630864143,0.337368134538555
219,37,0.0215113885330704,0.428217789652404
219,39,0.0129860334533912,0.589048901961908
219,41,-0.00378801661463695,0.882759875607053
219,43,0.000758471339847219,0.978718885864437
219,45,-0.026100636709024,0.294534189003747
219,47,-0.0281302949227403,0.347555474201014
219,49,-0.0215632186289316,0.466253982980642
219,51,0.0113674516142196,0.679582651629259
219,53,-0.0344480114189615,0.350067769205099
219,55,0.00302222837703735,0.908023812845507
219,57,-0.0420640283254425,0.164915165157401
219,59,0.018593602166576,0.580288821028541
221,21,0.0365652883049681,0.17469432613926
221,23,0.0278906499039558,0.271119753219642
221,25,-0.00265520940749747,0.91828738719679
221,27,-0.0223035097722934,0.423245594889461
221,29,0.0281702640426207,0.331662830037552
221,31,0.00690752694649769,0.792398190897834
221,33,0.0228486233834583,0.445148942503167
221,35,-0.00844258570647645,0.789520515745741
221,37,-0.0445664214847159,0.124039235668666
221,39,-0.0169504028377165,0.606321933037942
221,41,-0.000595323558401482,0.9859534004575
221,43,-0.00016003034665653,0.994829609575445
221,45,-0.0273075305491216,0.31924525686667
221,47,0.0151230931928036,0.57393947981658
221,49,-0.00552822766137192,0.864699278834685
221,51,-0.00579392158657846,0.845449177393319
221,53,0.00258220816927259,0.927839561388125
221,55,0.00166621497564746,0.944632387391919
221,57,-0.0265960319060142,0.351728356873043
221,59,0.0140207332465418,0.687762248045941
223,21,0.0288275191509066,0.311930357567526
223,23,0.0467487720952019,0.120885794302684
223,25,0.0019384858954716,0.926832260649395
223,27,-0.0037502612828451,0.902509086888531
223,29,0.0259700494571985,0.372271438588381
223,31,0.0295566590974351,0.339529115315814
223,33,0.0353163119773048,0.30208359395281
223,35,0.0230073258034857,0.514759277858846
223,37,-0.0345746991993101,0.201501272204741
223,39,-0.031086311035802,0.111098116110068
223,41,-0.037484614252007,0.205950169590664
223,43,0.0071349252084978,0.779019328589974
223,45,0.00748556711428337,0.790246042414669
223,47,0.00384844521583018,0.901936391006948
223,49,-0.0171756472710335,0.541576060646915
223,51,0.000286684263479302,0.993093509250808
223,53,-0.0292787272355444,0.333452662430866
223,55,0.0241394403727109,0.32824887297054
223,57,0.00734597322309167,0.793791562868091
223,59,0.00698705632448787,0.836770094164705
225,21,0.0319210619265994,0.315650069025616
225,23,0.0447542968203605,0.171902951063954
225,25,-0.000829643102586846,0.971722237887809
225,27,0.00105740292860472,0.974762305204421
225,29,-0.00340238414225019,0.913648169381729
225,31,0.0135422663358402,0.671054543750327
225,33,0.052753768382235,0.151285283615389
225,35,0.0256818321713499,0.410395989875369
225,37,-0.0205373572992,0.510201663801127
225,39,-0.0194213896250433,0.465694736973055
225,41,0.00985393462914597,0.695601180167817
225,43,0.00633473820707795,0.812335532766376
225,45,0.0166077533088785,0.526438553645986
225,47,0.0129668281536765,0.659350926266611
225,49,-0.0205882931711815,0.512364302381532
225,51,-0.0400113251184328,0.229886271219106
225,53,-0.0383687573267733,0.220230307663118
225,55,0.0743467975627765,0.0587353791824931
225,57,0.0368726911950233,0.288656873789309
227,21,0.013900508980624,0.652526908880588
227,23,0.0480589592206751,0.140422341307233
227,25,0.0192951218877657,0.491230370885088
227,27,-0.00631461072606522,0.846336268092369
227,29,0.0453584013979027,0.103807770147868
227,31,-0.0195234815509499,0.589772526416813
227,33,0.0337471796462544,0.259275996610018
227,35,0.0279046325807353,0.331316106354231
227,37,0.0145452485338018,0.66687307745532
227,39,0.0439913161696487,0.148767342406681
227,41,-0.00239671432534359,0.934587155198381
227,43,-0.00878293947608623,0.734040022683498
227,45,-0.00814890416120917,0.783037914772969
227,47,-0.00231422376590257,0.935298307657175
227,49,0.0150931157159463,0.676292082681711
227,51,-0.0325155394142689,0.287491188118342
227,53,0.0377811456844231,0.220941692631572
227,55,0.0685566536193858,0.0480714141211195
227,57,-0.0143270335568042,0.670017761405997
229,21,0.0231512126195164,0.432582219678963
229,23,0.0193395320055219,0.526939067501988
229,25,0.0356147714540756,0.270591861071549
229,27,0.010871001215754,0.737022399332895
229,29,-0.00421174235249255,0.847165379186192
229,31,-0.0373352682814614,0.260885389908235
229,33,0.0161897150525756,0.5924285603136
229,35,0.00570686102829334,0.850197099062577
229,37,0.0541399667827681,0.0519610992906548
229,39,0.0429615218745947,0.177658227458463
229,41,0.00230568993830243,0.926897541522913
229,43,-0.0237613669885396,0.47452864324331
229,45,0.000666208179150327,0.982361971528024
229,47,0.0219069541221042,0.350926467662468
229,49,0.00772174433250087,0.800319420060669
229,51,-0.0412737551172861,0.265704876302377
229,53,0.056833562654933,0.0570771639610358
229,55,0.0479134103025979,0.172010534707626
231,21,0.0388132853220028,0.229303266542378
231,23,0.0161225139955589,0.580525675023726
231,25,0.0309140451299,0.378147092417374
231,27,0.0544153327181481,0.100797101941757
231,29,0.0129193421249944,0.658501786005026
231,31,0.0378819655097886,0.218352708046587
231,33,0.0106389185463132,0.685329485351257
231,35,0.0213852602272101,0.480997943692988
231,37,0.0308727526613977,0.288050861968886
231,39,0.0306359295581454,0.343034807399612
231,41,0.0460476761154663,0.113554659802796
231,43,0.0415765934719036,0.0960030497725665
231,45,0.00805504949603671,0.786976630870027
231,47,0.0403169464437593,0.209309123925991
231,49,0.0208029461360223,0.538994319120235
231,51,-0.0138216172953132,0.627220321918032
231,53,0.0334078412321177,0.265663850571916
233,21,0.0321605981562924,0.382548687137591
233,23,-0.0110223628016768,0.717890145338794
233,25,0.024140081286654,0.294939251723461
233,27,0.0154042882654242,0.651196850272046
233,29,-0.00571160931533746,0.854684984780969
233,31,0.0430421977517866,0.196170884749573
233,33,0.0313198155642752,0.223280025151071
233,35,0.000329454183902239,0.990776073577903
233,37,-0.0113602521854482,0.658482077527046
233,39,0.0063395069889199,0.824453101483187
233,41,0.0451760307073875,0.151186703022278
233,43,0.027475664581054,0.400767131541541
233,45,0.0102258110963625,0.749709247413692
233,47,-0.00145674296320694,0.966513183525251
233,49,-0.0110623750533776,0.684248167837127
233,51,0.00653476191209157,0.829170730914444
235,21,0.0352957914887136,0.334693437344013
235,23,0.0213973596137399,0.450662118284341
235,25,0.0308013278053663,0.136259975930956
235,27,0.0273958387020935,0.483824275919501
235,29,-0.0277239273732828,0.394856457482076
235,31,0.00837762684508111,0.75976443933007
235,33,0.0276234512348179,0.31683253436259
235,35,0.0371339631806337,0.232200654613924
235,37,0.00369676517137541,0.86859941105203
235,39,-0.0232033419822903,0.457738609835285
235,41,-0.019776182597903,0.531558496625584
235,43,0.0495683012252725,0.202708734458161
235,45,0.0536189241701559,0.167236903307725
235,47,0.0569042641053053,0.0754832377652794
235,49,0.0580762005154209,0.0861898723590058
235,51,0.10598363878169,0.00158523126030683
237,21,0.00787374592713463,0.836328095872814
237,23,0.0336535686955305,0.326816590469869
237,25,0.00450080693255812,0.890988310477534
237,27,0.00730863762948066,0.851671850076115
237,29,-0.0101118913610886,0.746428915146693
237,31,-0.0624799395098029,0.0461670826148575
237,33,-0.00637118522189707,0.822293915809684
237,35,-0.0256477711219084,0.35429328684779
237,37,0.011531114241353,0.705592573307036
237,39,0.0588996084229058,0.0130800447629184
237,49,0.0852259460383252,0.0146590794830208
239,21,-0.00904114095054092,0.80664790235572
239,23,0.00272445015444558,0.935559162280411
239,25,-0.0234660991617503,0.303412475577717
239,27,-0.0188251527252505,0.565526119387843
239,29,0.00997056565436512,0.747697299260575
239,31,-0.0582896653136312,0.0447617363871954
239,33,-0.0115713950463033,0.641372162738258
239,35,0.0256579749306125,0.303319955161846
239,37,0.00801056339143114,0.787330133233727
241,21,0.00136224073708301,0.963010489523689
241,23,-0.0221147985326346,0.556975923113167
241,25,0.00435553910913277,0.880027578257296
241,27,-0.0136282963051793,0.63472887659808
241,29,0.0317560939449357,0.305981805113583
241,31,0.000211161390423509,0.993684842133457
241,33,-0.0237838224444257,0.349526181629125
241,35,0.0117990535345641,0.733666916326656
243,21,0.00888257092615934,0.77972075344587
243,23,0.010436987831839,0.643218856623437
243,25,-0.00119333950283979,0.966978907654236
243,27,-0.0259873776682992,0.41634385308368
243,29,-0.0464429601796364,0.154988214730788
243,31,-0.00364959260180287,0.897175718360276
243,33,0.00847626691201781,0.756492401424201
245,21,0.0272237051086992,0.362340332156362
245,23,0.0260833955589226,0.404512723039541
245,25,-0.032681916706556,0.384678040313079
245,27,-0.020857667003059,0.424170840769768
245,29,0.00119435677900532,0.9646775339766
245,31,-0.0211147249819099,0.364701025597887
247,21,-0.0238670771820696,0.435187096713572
247,23,-0.0243974688729819,0.225942958253448
247,25,-0.0544095319627851,0.0010070056230752
247,27,-0.0305101207185687,0.0614202587060362
247,29,-0.0147513452084982,0.64295336603684
247,31,-0.0280698477540649,0.439819965122602
249,21,0.0134869619455258,0.578197694757812
249,23,-0.0294433497693164,0.163623706021125
249,25,-0.0438496523622496,0.0023548477308859
249,27,-0.00695872784048385,0.809927915305527
249,29,-0.00684120464964213,0.845078343750713
251,21,0.020652357902185,0.542584460620571
251,23,-0.020827736370587,0.484708365593998
